Ward_id_2010,Hypertension_2010,Ward_id_2011,Hypertension_2011,Ward_id_2012,Hypertension_2012,Ward_id_2013,Hypertension_2013,Ward_id_2014,Hypertension_2014,Ward_id_2015,Hypertension_2015,Ward_id_2016,Hypertension_2016,Ward_id_2017,Hypertension_2017,Ward_id_2018,Hypertension_2018,Ward_id_2019,Hypertension_2019
177,16.17589526,177,50.8717573,581,6.702902225,581,6.53695996,187,5.823194391,187,8.259546064,187,7.148603036,187,7.19696366,187,6.50659808,187,6.141281512
187,5.131125883,187,5.338980098,460,5.268293519,460,5.786585192,581,5.815458769,581,5.50742331,177,5.534029698,581,5.601481591,200,5.778463094,200,5.503226993
581,4.945087473,581,5.322433122,187,5.031075163,65,5.064857107,65,5.43825761,65,5.316425974,581,5.480718852,177,5.080681205,581,5.106126837,581,5.487293471
460,4.782072222,460,4.836475185,65,4.964459079,177,4.921831396,177,5.131043582,177,5.163734408,65,5.085337824,460,4.55839399,177,4.694212085,177,5.156073328
65,4.551815259,65,4.719889811,258,4.807855191,258,4.682933448,460,4.920645375,460,4.489492558,258,4.112849502,258,4.169096321,460,4.165888946,460,4.748008521
258,4.191394729,258,4.119720321,177,4.407007941,187,4.469809688,258,3.969832668,113,4.154890822,256,3.973481164,65,4.060504912,258,4.09601813,65,4.066147463
166,3.139063236,200,4.076114112,166,3.725028794,113,3.779525916,113,3.811562903,258,3.657935615,440,3.782756677,256,3.835381776,256,3.670383314,258,3.938252643
200,2.917890773,440,3.371743238,569,3.1311627,256,3.489344048,256,3.390782897,256,3.457271885,113,3.331511313,113,3.255395844,440,3.427630197,256,3.420055704
256,2.835675787,256,3.279804903,113,3.106198469,166,3.446916,166,3.294103317,569,3.29375535,460,3.204720602,440,3.151432683,65,3.018891688,440,3.312238111
440,2.81127118,569,2.863184236,256,3.068736767,569,2.884529898,569,2.659638526,166,2.932215247,569,2.804464972,569,2.810066772,113,2.8955853,113,2.890928898
113,2.757034791,166,2.850074663,440,2.037166219,37,2.006501287,200,2.151675488,179,2.373776455,179,2.267683662,200,2.78813045,569,2.523854323,166,2.677612894
569,2.670032288,113,2.625913625,37,1.976529783,583,1.95995491,583,1.935620252,583,2.172408956,200,2.06113925,179,2.252306321,166,2.46629935,179,2.590993692
74,2.226429942,74,2.552545667,426,1.974865715,200,1.863133471,37,1.833995896,200,2.140628252,583,1.995894028,166,2.030914838,179,2.446942918,569,2.376904506
203,1.695746635,179,2.192489239,583,1.971666828,74,1.743892383,74,1.804682222,440,2.057779475,466,1.762176851,583,1.956324879,583,2.06353195,74,2.293765531
583,1.567365221,203,1.862941045,200,1.969849471,440,1.740623019,203,1.655339202,37,2.051998699,74,1.697203881,74,1.928913055,466,1.863921407,583,1.833326497
37,1.548748002,583,1.819688149,203,1.75466262,203,1.686094536,440,1.585732253,175,1.953577797,175,1.642897639,203,1.649747625,74,1.760908908,203,1.677207664
179,1.516700998,62,1.620839738,74,1.754392503,426,1.658897191,426,1.547396843,74,1.75792885,203,1.603368534,175,1.64001334,203,1.625952305,466,1.625617277
618,1.418614403,229,1.540248741,595,1.594185073,189,1.437663532,179,1.50858895,203,1.694954006,37,1.541645149,62,1.639123978,175,1.590220957,62,1.569420364
426,1.411943143,618,1.513180547,348,1.513704094,618,1.432620607,618,1.436089872,466,1.594273513,166,1.487317035,37,1.585691991,62,1.562771,175,1.500887792
348,1.376944742,323,1.499464638,618,1.479669454,348,1.420417701,323,1.322403302,426,1.458834796,62,1.445386871,466,1.575982841,37,1.40594265,462,1.454441621
323,1.352398217,448,1.486943135,189,1.452875409,323,1.346089322,175,1.293136307,618,1.458214381,448,1.351287145,448,1.406385206,448,1.393100334,37,1.433948965
229,1.323454321,37,1.427313184,323,1.412029312,179,1.333747917,461,1.286274954,62,1.351755337,618,1.328527066,229,1.368095067,229,1.333712911,618,1.393322891
448,1.307182018,102,1.342408985,448,1.354467169,448,1.286118744,348,1.280440124,448,1.345665698,229,1.318244107,618,1.365486653,618,1.314495181,448,1.385930989
102,1.22206401,148,1.314196831,179,1.352552142,461,1.280577747,448,1.262705382,323,1.332592969,323,1.288810299,323,1.303874563,323,1.294867528,323,1.337426364
62,1.182455675,426,1.301197026,461,1.314570271,229,1.219659512,229,1.253329779,229,1.326563103,102,1.179576945,102,1.200291295,102,1.225650802,229,1.304433139
461,1.140459283,175,1.291466896,102,1.269190752,102,1.217572453,595,1.207654379,461,1.247078363,426,1.172507374,148,1.160691349,148,1.113958239,102,1.254051251
148,1.138124122,466,1.283239204,229,1.266819073,175,1.194531301,102,1.206187855,102,1.229984806,148,1.120247187,348,1.081825234,111,1.057708811,243,1.165830305
111,1.063773064,461,1.203886967,350,1.257561377,350,1.184397459,189,1.185814806,148,1.186977996,461,1.117962286,461,1.078412225,461,1.035851935,148,1.146921365
175,1.030541594,111,1.194687695,148,1.202069889,148,1.167741533,148,1.177939687,350,1.168805638,350,1.081157024,255,1.053130075,186,0.935249549,111,1.094973766
189,1.029625871,243,1.190418057,111,1.104751031,595,1.123597561,466,1.167725505,111,1.116606273,111,1.029002499,426,1.05042983,452,0.908963585,461,1.051983368
595,1.012641951,249,1.019127255,175,0.99434714,111,1.075663222,350,1.146554879,595,1.097065922,189,1.025796992,111,1.040519576,582,0.906915686,251,1.01039827
249,1.010018886,617,0.989421597,249,0.980177372,249,1.022566088,111,1.11331857,189,1.096479648,255,0.964170776,186,1.002441715,243,0.887594943,564,0.999223102
452,0.935812354,348,0.97426249,452,0.970248132,466,1.009770004,62,1.048082896,348,1.032261371,186,0.950455394,350,0.970252756,147,0.855386347,452,0.931429042
582,0.853440518,452,0.973088243,62,0.937955897,62,0.995680065,186,0.998682799,186,1.030745488,452,0.893857799,189,0.919617256,236,0.847505188,617,0.927022458
244,0.810604913,582,0.971524508,443,0.930376615,452,0.951444977,249,0.916637082,35,0.997988453,236,0.86925448,236,0.908202958,620,0.783358778,582,0.902472833
31,0.809776077,564,0.923734869,186,0.92995612,186,0.889221241,452,0.891191981,147,0.961038028,582,0.867740996,582,0.906424137,462,0.749636514,348,0.85111765
620,0.753324778,620,0.874834079,589,0.900242779,582,0.861628004,582,0.861587227,452,0.942000064,617,0.824465409,452,0.905903304,249,0.718173347,249,0.801740658
350,0.748170702,189,0.871051314,582,0.875784192,568,0.833489208,568,0.849349574,249,0.906462036,35,0.817144557,249,0.739262212,564,0.718148494,426,0.793220775
617,0.72775856,462,0.866619901,568,0.841988265,17,0.825760933,17,0.831224828,582,0.894460322,249,0.777164309,617,0.72900494,189,0.716742562,31,0.767853339
417,0.718267249,244,0.802132365,236,0.839164947,404,0.811563504,236,0.816126535,236,0.888096113,348,0.764663137,620,0.717328463,426,0.714040997,620,0.754911442
610,0.711765481,251,0.794038224,404,0.834682358,589,0.804983843,147,0.797215145,417,0.776737309,31,0.738155911,244,0.69862473,255,0.669448979,35,0.750623133
404,0.710492906,31,0.785431907,17,0.817214611,236,0.803108272,31,0.783308522,31,0.757898507,244,0.733547812,31,0.695056639,244,0.662605762,189,0.745223241
466,0.701373815,404,0.781496223,417,0.812491808,417,0.787452599,589,0.749448725,617,0.7542339,595,0.725282008,459,0.688586394,117,0.659022852,186,0.740448912
243,0.68787839,417,0.779661017,412,0.805090761,31,0.750844579,417,0.748786632,255,0.732135852,417,0.696047983,35,0.685982624,459,0.654898324,244,0.713605949
236,0.678574877,149,0.768873353,244,0.781077572,106,0.68970676,255,0.723204923,17,0.724854264,404,0.678231385,595,0.685133551,239,0.654259311,417,0.682017747
61,0.66023151,612,0.7475059,77,0.729071257,244,0.688416252,404,0.699551903,244,0.719052354,620,0.664989693,579,0.684588577,341,0.631689088,404,0.669181959
77,0.656396327,255,0.740809021,31,0.727497656,255,0.687129681,35,0.69437422,620,0.688744576,400,0.657840396,404,0.675517784,567,0.626195516,149,0.666565235
580,0.655781925,117,0.723263209,106,0.721280128,77,0.678653855,244,0.668570026,411,0.687448778,117,0.638648324,417,0.670196649,191,0.624836014,255,0.650166312
568,0.639727516,35,0.721892654,61,0.717991232,610,0.672924444,612,0.664596083,459,0.674222067,459,0.638165005,147,0.66817681,400,0.620220657,147,0.635927182
149,0.631162569,351,0.711799081,580,0.716917429,97,0.672249251,620,0.659902059,612,0.670464644,612,0.597655083,411,0.653244208,612,0.618136614,341,0.635439543
612,0.618891322,341,0.708797577,620,0.707515017,612,0.655684558,411,0.638310776,568,0.663394192,411,0.596151455,400,0.646864964,411,0.61805343,236,0.634940316
351,0.618501937,236,0.708435313,610,0.697768393,620,0.653792293,149,0.63743702,117,0.660292779,567,0.587003214,612,0.620594603,568,0.617107935,459,0.628272782
239,0.612342639,610,0.704374043,97,0.693433359,117,0.650015968,106,0.636955927,404,0.652741989,149,0.586768993,568,0.610542405,149,0.616936176,411,0.624657244
564,0.612261419,350,0.701164075,239,0.690186361,119,0.649413301,97,0.627796543,579,0.629980925,579,0.568762814,149,0.602644063,417,0.613906506,612,0.618413451
117,0.608744845,459,0.688102344,411,0.676926302,35,0.642287691,459,0.622325856,149,0.615074001,351,0.557130367,567,0.597892285,31,0.602109017,117,0.617800488
227,0.607231973,411,0.670721391,459,0.667672931,459,0.639050117,119,0.620312002,567,0.612526516,593,0.538381581,117,0.597114809,615,0.587002927,351,0.595460439
35,0.603142818,422,0.667503306,605,0.665860001,605,0.629378974,117,0.615620564,593,0.588306223,341,0.534666005,341,0.574557058,27,0.572344523,567,0.593128194
459,0.59915803,61,0.647956283,255,0.660735845,411,0.629128149,610,0.608473705,97,0.587389322,97,0.524443755,351,0.555388939,404,0.564129046,615,0.590467644
186,0.595591063,580,0.617396519,612,0.645296225,580,0.62754074,580,0.604644642,119,0.587070149,422,0.522830763,605,0.548668096,617,0.561839149,438,0.584428129
411,0.594697909,567,0.615475654,149,0.64011243,351,0.614443677,227,0.586708812,576,0.571844223,564,0.522745269,615,0.543513611,355,0.561224995,239,0.578033451
605,0.593731592,227,0.611539548,35,0.631424695,61,0.610661943,593,0.584843657,351,0.564050714,605,0.5208193,422,0.541795228,422,0.555946162,422,0.576690222
255,0.569973689,615,0.59091999,351,0.630446498,443,0.605404553,617,0.579375707,422,0.559091933,61,0.520541751,593,0.518799631,348,0.554372224,400,0.539084839
593,0.555860108,623,0.575026809,227,0.629597308,149,0.604277453,351,0.578391315,589,0.558608908,119,0.519098273,243,0.513718135,251,0.553555181,568,0.537895512
589,0.554834737,239,0.560945957,117,0.626553991,579,0.599491448,422,0.572046603,580,0.557473905,73,0.515648318,227,0.504232369,351,0.543531597,579,0.537604759
422,0.542987876,568,0.555338567,119,0.620404942,412,0.591733377,605,0.570318702,61,0.555790745,576,0.498396544,27,0.498741524,579,0.540105061,610,0.53451015
443,0.517569413,605,0.547793368,427,0.610903158,239,0.58371375,602,0.566426922,341,0.555248574,227,0.493846433,355,0.492419699,35,0.534574043,191,0.530676955
596,0.508520056,593,0.542125019,422,0.608171654,422,0.580175846,567,0.558365105,602,0.554589332,580,0.493416817,580,0.491991346,595,0.516199567,580,0.514122277
251,0.505064118,579,0.529019722,593,0.606639957,227,0.569890519,239,0.550897114,239,0.544409402,568,0.489124113,576,0.488042082,576,0.507774367,605,0.505555383
119,0.503603025,595,0.528975361,596,0.577953579,593,0.568111588,412,0.54564867,227,0.541005816,355,0.486213075,61,0.487255055,593,0.479745344,593,0.502834659
427,0.502661029,400,0.528945332,147,0.56761293,617,0.559054222,615,0.543348803,564,0.537670664,602,0.484460939,119,0.48266685,605,0.476761298,595,0.491071073
462,0.498074881,322,0.524216793,602,0.561127215,596,0.557466996,77,0.540676903,77,0.536468753,615,0.481525051,602,0.47443976,580,0.473436134,61,0.489126748
623,0.495369956,447,0.494009509,617,0.560504345,427,0.535953813,579,0.540615593,605,0.530665552,77,0.478679963,77,0.461341172,427,0.46456461,350,0.483239771
341,0.488956295,77,0.484597116,579,0.537389495,602,0.526182208,61,0.53805964,73,0.530182766,239,0.475734536,610,0.439493291,499,0.458600101,576,0.477816723
567,0.475180461,26,0.484448518,564,0.521408997,576,0.510392598,341,0.530663435,615,0.52379674,27,0.46818895,322,0.41311029,597,0.448678924,227,0.471172423
106,0.473882408,119,0.479053176,576,0.483313145,341,0.497404776,576,0.508950172,610,0.522967343,610,0.448968512,191,0.405110316,575,0.447946125,27,0.470894735
579,0.473083964,576,0.472406213,73,0.478223244,564,0.492621811,73,0.491530683,400,0.517756298,147,0.430929772,596,0.403264861,73,0.445744986,355,0.466430906
576,0.470004372,608,0.458175237,615,0.473618581,567,0.485651098,564,0.48561236,412,0.501442019,427,0.3961686,564,0.397638073,61,0.442153662,597,0.454350742
615,0.468024898,597,0.454864585,322,0.473087871,73,0.484763297,427,0.446817467,406,0.488534581,623,0.39123442,499,0.396765974,610,0.441753601,499,0.452134539
17,0.464992737,27,0.439084386,567,0.455698355,243,0.484724314,596,0.436724682,106,0.440269388,575,0.387257427,97,0.390839378,322,0.416748282,427,0.445515246
322,0.432378572,565,0.433283231,243,0.452160283,615,0.477129396,623,0.413374236,596,0.435529526,596,0.371125977,575,0.389573866,608,0.406900772,447,0.437704763
608,0.423863003,499,0.40552678,341,0.428204259,343,0.446759708,575,0.401860198,575,0.42962031,322,0.366153823,608,0.374825157,447,0.401161026,575,0.428462781
191,0.41632124,106,0.403694662,623,0.426244505,147,0.444705833,400,0.401285236,623,0.4286914,412,0.351076403,623,0.371544819,26,0.397984099,608,0.424795773
400,0.414912509,191,0.403520687,466,0.393387517,322,0.425056229,191,0.393181535,343,0.414365186,406,0.34045618,73,0.371158214,119,0.397840183,322,0.402054954
26,0.413283743,602,0.397509308,343,0.379244597,623,0.420347212,343,0.39225989,322,0.410169703,447,0.339792738,239,0.370910753,406,0.375765005,623,0.400463583
602,0.411279171,355,0.395333524,608,0.377435036,400,0.417935464,243,0.369653851,427,0.39205963,26,0.336329194,447,0.368700526,227,0.371748154,468,0.381794422
97,0.385453357,575,0.394117506,162,0.377350967,162,0.388976828,322,0.367556743,608,0.37868313,608,0.331797435,462,0.365794552,77,0.371040874,565,0.379249951
447,0.381040919,427,0.372066707,463,0.368038956,608,0.381950386,447,0.358933889,191,0.377315162,589,0.330443018,589,0.362078791,565,0.365606781,77,0.372352426
565,0.377510315,468,0.364425243,565,0.339798443,597,0.360106288,443,0.352491131,26,0.367434715,72,0.329572335,565,0.341509329,438,0.349502014,26,0.370068669
597,0.363600373,186,0.360042509,468,0.339438818,575,0.346409239,26,0.350818742,251,0.355100804,499,0.326661021,597,0.339448501,468,0.346741514,119,0.363480479
412,0.352581107,596,0.347876703,191,0.335628001,447,0.335937884,608,0.342165732,447,0.348307411,106,0.31799345,468,0.330123936,623,0.34651959,171,0.352173237
27,0.334993815,443,0.344763496,400,0.33058528,26,0.326565795,251,0.336266253,499,0.348103668,243,0.310205546,26,0.320079739,443,0.340413645,72,0.346308433
147,0.33383948,438,0.339303798,447,0.324877256,565,0.319160238,462,0.331180031,72,0.332171261,597,0.305437682,106,0.3182917,457,0.333399299,73,0.343081877
162,0.328829855,354,0.335204758,575,0.321995257,23,0.318992791,162,0.322370548,597,0.319792602,565,0.301735254,443,0.3139922,23,0.296616429,354,0.325524626
468,0.325069385,23,0.33116963,597,0.302791335,572,0.305129591,499,0.322282135,573,0.316446085,354,0.283941781,427,0.305885503,354,0.288182897,589,0.312108993
575,0.320727376,589,0.322816754,26,0.298999759,191,0.297846789,565,0.308101262,446,0.316357463,251,0.280811313,251,0.3051177,171,0.281330222,596,0.310311609
355,0.307299395,73,0.322708947,23,0.294782136,468,0.291241715,597,0.304539012,565,0.307303259,468,0.278429647,412,0.291492266,350,0.275808402,406,0.302442429
499,0.305510846,72,0.316419893,420,0.292309451,499,0.276695866,23,0.294715799,243,0.305246351,191,0.277524926,406,0.290732155,72,0.275367513,602,0.299779376
73,0.297743493,147,0.303201334,354,0.270745595,355,0.274304982,72,0.293099869,355,0.286836243,446,0.275804327,72,0.290281227,596,0.264385289,106,0.267710731
343,0.283790462,115,0.286921947,72,0.264056632,72,0.272362481,406,0.280185899,468,0.285650311,23,0.25918929,354,0.28462868,106,0.261304935,230,0.263900699
463,0.279098517,406,0.272376558,499,0.254641024,603,0.271761256,463,0.278239557,443,0.283463373,443,0.245198834,162,0.27828174,343,0.257749303,431,0.252582531
245,0.261063181,97,0.270554541,572,0.247616296,573,0.264799064,355,0.26822313,354,0.281873622,79,0.244076928,446,0.275796206,97,0.254204475,115,0.242609087
354,0.260769529,431,0.269478364,457,0.243200275,463,0.26464146,468,0.267188413,431,0.266185652,578,0.215744886,23,0.263308425,602,0.253952589,429,0.240988731
403,0.238494743,570,0.24811935,27,0.23590247,27,0.260086397,446,0.266555566,462,0.265225354,431,0.213689841,457,0.240232782,589,0.246468941,23,0.226991005
23,0.236824873,162,0.246937854,613,0.233643691,354,0.250845523,572,0.258990825,23,0.249761006,462,0.204084863,230,0.227068553,431,0.243873776,343,0.212046764
431,0.221300645,17,0.245808957,251,0.228149998,420,0.246499599,420,0.252316644,463,0.247501155,570,0.195311832,431,0.225544272,446,0.225510731,446,0.208142426
573,0.215309423,230,0.24557549,570,0.22543133,251,0.242905323,171,0.243083629,162,0.243323447,403,0.193287427,458,0.217466874,230,0.218319461,162,0.2050614
570,0.214362006,446,0.24408995,355,0.220727112,446,0.234832441,354,0.23792008,171,0.223828237,162,0.190910028,578,0.214566097,115,0.212919702,29,0.194480057
406,0.212383918,171,0.237773291,603,0.219938409,570,0.233025915,431,0.237862566,403,0.220215518,573,0.183626351,570,0.207104254,112,0.20358918,97,0.192524884
72,0.209276208,403,0.229326629,115,0.218873005,613,0.210417592,573,0.229623419,570,0.219322916,420,0.179191984,115,0.200500509,570,0.192897587,403,0.18045797
446,0.208068926,429,0.226247379,446,0.210119255,171,0.207354177,27,0.214184511,622,0.21538153,421,0.178959657,429,0.199069791,429,0.192347592,443,0.179103165
420,0.207867472,412,0.223147616,622,0.200209356,622,0.195840747,421,0.212931187,572,0.209556788,429,0.172572972,343,0.189302765,403,0.186405135,570,0.178303143
115,0.202023892,343,0.198435655,573,0.195342687,115,0.195434286,570,0.212534549,420,0.203564911,230,0.172566143,68,0.188787097,578,0.183529961,412,0.172493661
609,0.188585377,463,0.19537848,449,0.181898084,457,0.182342358,622,0.193193054,578,0.193734694,68,0.168931016,438,0.185710182,162,0.175724791,463,0.168191508
613,0.187123853,609,0.194971291,421,0.174075499,431,0.170087003,403,0.187745316,603,0.188340103,115,0.161912941,420,0.178397203,425,0.174160469,69,0.167915008
438,0.186286614,29,0.190280977,406,0.169160042,406,0.168475768,613,0.186182495,68,0.184968597,457,0.161841559,403,0.170272996,573,0.170592624,224,0.158548769
29,0.168402906,573,0.189481874,609,0.166859936,403,0.158368086,603,0.171364172,429,0.183206369,438,0.153454394,171,0.169758788,412,0.161988398,112,0.155790741
171,0.150250321,224,0.170146686,403,0.161578684,68,0.150429983,429,0.167854824,613,0.182762205,171,0.151398278,421,0.167682315,616,0.15737576,573,0.15412635
68,0.149715368,353,0.16458789,171,0.15759318,421,0.143585672,68,0.161789293,421,0.177324608,613,0.149109611,573,0.158958566,463,0.144877945,578,0.147635696
230,0.147859225,603,0.162975439,491,0.15488885,230,0.141901919,457,0.159282651,230,0.168689986,425,0.141784356,112,0.151891213,224,0.133715626,353,0.147299747
449,0.146834545,449,0.157355859,431,0.142883217,609,0.141860978,115,0.156293334,115,0.168428496,112,0.135925359,613,0.137921299,572,0.13233015,613,0.137899271
451,0.134599178,490,0.145446574,230,0.130038042,425,0.128231317,230,0.141396485,27,0.146902331,224,0.133645458,224,0.135147423,399,0.126804285,425,0.136577861
457,0.124237603,112,0.139993414,112,0.113174128,429,0.127322384,224,0.136555069,353,0.14237,343,0.132165357,616,0.131294601,340,0.124540867,340,0.135943229
69,0.121336283,578,0.133705063,425,0.112225003,449,0.122517087,112,0.135087186,425,0.140388614,572,0.131215723,451,0.130529252,68,0.123798832,572,0.115374701
429,0.121209285,340,0.133182466,68,0.111614859,578,0.111441853,449,0.132433207,112,0.139245472,616,0.130864616,572,0.12691716,603,0.121550993,68,0.111725892
603,0.118230268,572,0.13126913,451,0.110209768,112,0.108479782,609,0.123270604,116,0.12957411,491,0.128479262,603,0.125446129,29,0.116183168,79,0.106066164
112,0.115395842,491,0.129320666,353,0.10758992,566,0.105914354,425,0.11852955,609,0.126274355,609,0.128254252,79,0.118617578,353,0.112083611,490,0.104773882
572,0.113493379,451,0.124628656,393,0.097305307,353,0.100015295,353,0.115386373,224,0.125854213,463,0.127980079,463,0.115985898,345,0.107684254,345,0.102723032
224,0.111333892,458,0.116338866,29,0.096595207,491,0.099449484,578,0.112848698,457,0.123625177,603,0.114865975,425,0.111397226,420,0.104921411,609,0.101574024
353,0.101051479,170,0.114823755,415,0.094564034,451,0.093471938,393,0.110221172,438,0.1203665,458,0.108838059,609,0.111108731,25,0.09950421,420,0.099628035
578,0.095009044,616,0.108440121,566,0.093322286,224,0.089811741,616,0.105819929,449,0.119390694,451,0.103666861,340,0.104930756,421,0.099071833,603,0.099375795
491,0.093440463,231,0.106997675,231,0.091764173,438,0.089584854,566,0.105710789,616,0.116240111,449,0.099443994,399,0.099824931,436,0.091735096,25,0.098234227
170,0.081007686,69,0.103278776,429,0.091760109,231,0.082202837,451,0.0960325,25,0.107184853,156,0.09712505,491,0.084179923,79,0.090197471,399,0.096747025
616,0.072623699,613,0.099383885,438,0.088209918,616,0.07239197,345,0.09505796,491,0.09202277,340,0.095013786,29,0.081701302,609,0.089292981,457,0.094379702
415,0.068351998,25,0.095954979,578,0.083002136,29,0.06945539,438,0.093645374,451,0.085343548,25,0.090235687,116,0.079869653,449,0.088514262,449,0.076472323
436,0.0594159,421,0.088096069,224,0.077204195,584,0.068983976,25,0.090507239,399,0.077073339,399,0.081834441,25,0.078614458,490,0.084757687,421,0.074750844
231,0.058736664,420,0.086013527,414,0.074555808,69,0.061788138,399,0.079197034,393,0.076226244,490,0.079604988,345,0.072025814,451,0.084177385,17,0.074123095
103,0.055446046,345,0.085335917,604,0.069854703,450,0.06011548,29,0.076004128,340,0.075776882,414,0.07817197,195,0.067039522,170,0.082569514,451,0.070949836
490,0.054470834,399,0.079257491,340,0.067319949,345,0.058876614,491,0.071654278,345,0.073447529,622,0.076685437,353,0.060779536,195,0.077331943,601,0.069725489
584,0.053699621,103,0.079215522,201,0.066010838,604,0.057218899,340,0.069084586,458,0.070538221,231,0.072850926,170,0.058812773,601,0.075505599,170,0.068575098
340,0.053084011,342,0.072898634,69,0.063019317,340,0.056360988,584,0.068388604,79,0.064815302,116,0.065824846,436,0.056840077,397,0.075435774,616,0.067149054
109,0.048811275,436,0.071940241,584,0.062973861,349,0.05498624,79,0.065703557,114,0.05539197,345,0.061863837,450,0.054945841,458,0.059527769,397,0.06615688
345,0.046151878,153,0.069735213,616,0.06257624,458,0.054765568,458,0.065114646,153,0.055354107,195,0.061632676,449,0.05427363,613,0.05470844,458,0.065994153
425,0.044955584,68,0.068525487,116,0.058517599,109,0.053850625,69,0.061391515,450,0.055250247,109,0.057458584,490,0.053207786,69,0.05447127,195,0.065387839
458,0.04451258,114,0.057439987,345,0.05591202,462,0.053273576,103,0.060889737,436,0.054423465,69,0.05690907,153,0.052930795,153,0.053597277,436,0.057904153
342,0.042231883,584,0.043515515,103,0.05581452,342,0.051728715,109,0.060102267,342,0.053166279,29,0.053464279,231,0.05251854,110,0.051846696,103,0.053209664
566,0.041812339,601,0.041348239,349,0.055684807,415,0.050017892,201,0.059805519,490,0.052117984,436,0.045796766,69,0.051929576,491,0.050504822,342,0.052146715
201,0.039221878,344,0.039907822,109,0.052060171,201,0.048713821,342,0.050439912,29,0.051639448,349,0.044202633,201,0.04596474,344,0.044324087,153,0.051347859
25,0.038380447,79,0.038944465,342,0.047917266,103,0.047430531,116,0.04850249,195,0.047811423,170,0.043943799,414,0.041449059,584,0.042590713,344,0.049525139
399,0.038298097,566,0.0386348,202,0.037102521,170,0.040700376,490,0.044639934,248,0.047263815,393,0.041252473,584,0.041191327,450,0.041181853,453,0.049333282
153,0.034782563,398,0.035283973,458,0.036650409,414,0.036273396,153,0.043820192,69,0.046474419,153,0.041113017,103,0.03791818,201,0.040756206,584,0.045377907
421,0.034393026,604,0.032689333,462,0.033179091,490,0.034810476,349,0.043471571,414,0.044913794,201,0.040435271,109,0.037187023,231,0.036587101,491,0.042350521
622,0.033297727,248,0.031585608,436,0.032721167,116,0.034103727,114,0.03691892,103,0.040592006,248,0.03755528,17,0.033909464,248,0.03567079,598,0.040417177
116,0.032027455,453,0.031316387,25,0.031873271,25,0.033934234,170,0.036437778,109,0.038911366,103,0.036399078,248,0.032029807,414,0.035621555,201,0.038794413
604,0.030991886,245,0.030190936,170,0.029410865,79,0.031638454,248,0.035100371,201,0.036823495,598,0.035318387,349,0.030236411,17,0.035086808,231,0.035671471
414,0.030334305,195,0.028411679,450,0.028462825,399,0.028376022,604,0.034392128,584,0.033498632,450,0.032926112,611,0.027928789,598,0.034658909,114,0.034751797
108,0.030258321,109,0.027946951,490,0.027339005,614,0.028349951,195,0.033221719,170,0.030192708,584,0.030867869,601,0.025518029,116,0.034218422,109,0.031326673
195,0.028380969,108,0.027092433,614,0.027197229,248,0.028284548,398,0.028220478,231,0.029546741,17,0.026494381,342,0.025455264,103,0.03238481,110,0.028544767
248,0.028150516,241,0.026553563,108,0.02547111,153,0.026951781,436,0.026436533,566,0.028384799,566,0.023875217,188,0.025391197,453,0.031614129,450,0.024795862
114,0.026463176,574,0.02355348,248,0.021064215,202,0.023950093,450,0.021700417,398,0.027073524,245,0.023463501,574,0.025317974,109,0.031270047,116,0.024102974
110,0.025145623,457,0.023499522,153,0.015930162,436,0.021587128,415,0.019318008,604,0.026161325,574,0.022804485,245,0.025197696,342,0.029387807,248,0.023546753
79,0.021558609,397,0.023412854,195,0.014253598,195,0.020114414,245,0.016830769,415,0.025163224,114,0.022275394,566,0.024624427,611,0.02628167,577,0.021272358
393,0.015931609,614,0.022750724,114,0.013933018,114,0.018415969,614,0.016121112,349,0.023994502,398,0.021001746,577,0.024452499,108,0.025921555,414,0.019735892
202,0.015669657,415,0.022727824,241,0.012998731,108,0.016857815,108,0.013162616,246,0.021555843,604,0.019591267,598,0.023994926,566,0.025167002,108,0.019601519
614,0.014498342,110,0.022693099,110,0.01142917,393,0.012579911,464,0.006413264,108,0.01558684,108,0.014820528,114,0.022598405,114,0.022393806,566,0.016232946
574,0.014005554,201,0.021130866,399,0.009390766,398,0.011383997,231,0.00552571,344,0.012005161,342,0.013468114,398,0.020324654,188,0.017402385,604,0.015224945
398,0.012886138,425,0.018351572,598,0.009150904,397,0.00569292,19,0.005218811,614,0.01127434,577,0.012205816,344,0.019688873,577,0.015153537,574,0.014507568
344,0.011896495,598,0.013022602,453,0.007906631,464,0.004658918,414,0.004995048,598,0.010202336,165,0.010636273,604,0.01516175,604,0.014555875,245,0.013411433
397,0.011099247,450,0.010906834,601,0.007715156,601,0.002095334,344,0.004854937,574,0.009001677,601,0.009998219,108,0.014215257,574,0.012467006,611,0.012340786
241,0.00910146,246,0.009574915,79,0.007301658,611,0.001334985,202,0.003823784,611,0.005400148,344,0.008460521,393,0.012069912,245,0.010781896,241,0.010727737
453,0.008262503,577,0.008582833,19,0.004580993,344,0.001278316,110,0.003558255,245,0.005367619,415,0.008320804,397,0.010169975,349,0.006536098,464,0.006414161
450,0.008199968,116,0.008379992,397,0.004447373,245,0.001268795,574,0.003045021,424,0.003952294,614,0.007604884,110,0.010156551,156,0.006258133,156,0.005598896
577,0.005262141,611,0.008247753,398,0.002930605,598,0.001207151,587,0.002719648,601,0.003754008,353,0.007055008,614,0.010105649,398,0.006042656,246,0.005022677
464,0.003308752,424,0.006793887,574,0.002911753,424,0.000924739,397,0.002661465,165,0.003661747,110,0.005632329,415,0.006665057,241,0.004702834,415,0.003592196
587,0.002701143,393,0.006490178,611,0.002779196,19,0.00063897,165,0.002079442,202,0.002714463,611,0.005462162,246,0.004965159,165,0.004555709,19,0.003169112
601,0.000813807,188,0.003119813,577,0.002725391,165,0.000416285,598,0.002024986,110,0.002519813,397,0.004965227,241,0.003915997,424,0.003680418,424,0.002697332
188,0.000754275,156,0.002964513,245,0.002720107,577,0.000382462,156,0.001932615,156,0.002006806,587,0.004742395,156,0.003568167,464,0.00131512,349,0.002501097
246,0.000722025,414,0.002262796,424,0.002573324,188,0.000334531,611,0.001524455,453,0.001536582,246,0.002656186,622,0.002747672,393,0.000987994,393,0.001136014
19,0.000318078,587,0.002185265,188,0.002454779,156,0.000280023,241,0.00101758,464,0.001300108,453,0.001697628,202,0.002133274,587,0.000764497,165,0.001131575
611,0.000215801,464,0.002137874,156,0.001545536,453,0.000205237,246,0.00090028,19,0.000788704,188,0.00164335,165,0.002100059,202,0.000586323,587,0.000872554
424,0.00010108,622,0.002084472,464,0.001132126,110,0.000180946,453,0.000437582,587,0.000660321,202,0.001184524,587,0.00114095,622,0.000406582,202,0.000744563
349,6.12E-05,349,0.0010063,587,0.000556903,241,2.55E-05,188,0.000332638,577,0.000601749,464,0.000178721,19,0.001128629,19,0.00037361,398,0.000267457
598,4.64E-06,165,0.000451759,246,0.000400409,574,1.75E-05,601,0.000306726,188,9.92E-06,424,0.000170941,464,0.000396586,614,0.000349463,614,0.000198082
156,1.26E-06,202,0.000120095,165,0.000181721,246,9.94E-06,424,0.0001379,397,4.99E-06,19,0.000154139,453,0.000287395,415,2.58E-05,622,0.000144522
165,1.05E-06,19,3.11E-06,344,6.68E-08,587,2.83E-06,577,6.45E-05,241,2.50E-08,241,0.000104465,424,0.000205586,246,2.47E-07,188,8.58E-05
504,0.00E+00,504,0.00E+00,504,0.00E+00,504,0.00E+00,504,0.00E+00,504,0.00E+00,504,0.00E+00,504,0.00E+00,504,0.00E+00,504,0.00E+00
41,0.00E+00,41,0.00E+00,41,0.00E+00,41,0.00E+00,41,0.00E+00,41,0.00E+00,41,0.00E+00,41,0.00E+00,41,0.00E+00,41,0.00E+00
178,0.00E+00,178,0.00E+00,178,0.00E+00,178,0.00E+00,178,0.00E+00,178,0.00E+00,178,0.00E+00,178,0.00E+00,178,0.00E+00,178,0.00E+00
553,0.00E+00,553,0.00E+00,553,0.00E+00,553,0.00E+00,553,0.00E+00,553,0.00E+00,553,0.00E+00,553,0.00E+00,553,0.00E+00,553,0.00E+00
483,0.00E+00,483,0.00E+00,483,0.00E+00,483,0.00E+00,483,0.00E+00,483,0.00E+00,483,0.00E+00,483,0.00E+00,483,0.00E+00,483,0.00E+00
124,0.00E+00,124,0.00E+00,124,0.00E+00,124,0.00E+00,124,0.00E+00,124,0.00E+00,124,0.00E+00,124,0.00E+00,124,0.00E+00,124,0.00E+00
476,0.00E+00,476,0.00E+00,476,0.00E+00,476,0.00E+00,476,0.00E+00,476,0.00E+00,476,0.00E+00,476,0.00E+00,476,0.00E+00,476,0.00E+00
321,0.00E+00,321,0.00E+00,321,0.00E+00,321,0.00E+00,321,0.00E+00,321,0.00E+00,321,0.00E+00,321,0.00E+00,321,0.00E+00,321,0.00E+00
454,0.00E+00,454,0.00E+00,454,0.00E+00,454,0.00E+00,454,0.00E+00,454,0.00E+00,454,0.00E+00,454,0.00E+00,454,0.00E+00,454,0.00E+00
281,0.00E+00,281,0.00E+00,281,0.00E+00,281,0.00E+00,281,0.00E+00,281,0.00E+00,281,0.00E+00,281,0.00E+00,281,0.00E+00,281,0.00E+00
242,0.00E+00,242,0.00E+00,242,0.00E+00,242,0.00E+00,242,0.00E+00,242,0.00E+00,242,0.00E+00,242,0.00E+00,242,0.00E+00,242,0.00E+00
81,0.00E+00,81,0.00E+00,81,0.00E+00,81,0.00E+00,81,0.00E+00,81,0.00E+00,81,0.00E+00,81,0.00E+00,81,0.00E+00,81,0.00E+00
33,0.00E+00,33,0.00E+00,33,0.00E+00,33,0.00E+00,33,0.00E+00,33,0.00E+00,33,0.00E+00,33,0.00E+00,33,0.00E+00,33,0.00E+00
8,0.00E+00,8,0.00E+00,8,0.00E+00,8,0.00E+00,8,0.00E+00,8,0.00E+00,8,0.00E+00,8,0.00E+00,8,0.00E+00,8,0.00E+00
199,0.00E+00,199,0.00E+00,199,0.00E+00,199,0.00E+00,199,0.00E+00,199,0.00E+00,199,0.00E+00,199,0.00E+00,199,0.00E+00,199,0.00E+00
494,0.00E+00,494,0.00E+00,494,0.00E+00,494,0.00E+00,494,0.00E+00,494,0.00E+00,494,0.00E+00,494,0.00E+00,494,0.00E+00,494,0.00E+00
123,0.00E+00,123,0.00E+00,123,0.00E+00,123,0.00E+00,123,0.00E+00,123,0.00E+00,123,0.00E+00,123,0.00E+00,123,0.00E+00,123,0.00E+00
45,0.00E+00,45,0.00E+00,45,0.00E+00,45,0.00E+00,45,0.00E+00,45,0.00E+00,45,0.00E+00,45,0.00E+00,45,0.00E+00,45,0.00E+00
259,0.00E+00,259,0.00E+00,259,0.00E+00,259,0.00E+00,259,0.00E+00,259,0.00E+00,259,0.00E+00,259,0.00E+00,259,0.00E+00,259,0.00E+00
519,0.00E+00,519,0.00E+00,519,0.00E+00,519,0.00E+00,519,0.00E+00,519,0.00E+00,519,0.00E+00,519,0.00E+00,519,0.00E+00,519,0.00E+00
280,0.00E+00,280,0.00E+00,280,0.00E+00,280,0.00E+00,280,0.00E+00,280,0.00E+00,280,0.00E+00,280,0.00E+00,280,0.00E+00,280,0.00E+00
139,0.00E+00,139,0.00E+00,139,0.00E+00,139,0.00E+00,139,0.00E+00,139,0.00E+00,139,0.00E+00,139,0.00E+00,139,0.00E+00,139,0.00E+00
474,0.00E+00,474,0.00E+00,474,0.00E+00,474,0.00E+00,474,0.00E+00,474,0.00E+00,474,0.00E+00,474,0.00E+00,474,0.00E+00,474,0.00E+00
509,0.00E+00,509,0.00E+00,509,0.00E+00,509,0.00E+00,509,0.00E+00,509,0.00E+00,509,0.00E+00,509,0.00E+00,509,0.00E+00,509,0.00E+00
551,0.00E+00,551,0.00E+00,551,0.00E+00,551,0.00E+00,551,0.00E+00,551,0.00E+00,551,0.00E+00,551,0.00E+00,551,0.00E+00,551,0.00E+00
211,0.00E+00,211,0.00E+00,211,0.00E+00,211,0.00E+00,211,0.00E+00,211,0.00E+00,211,0.00E+00,211,0.00E+00,211,0.00E+00,211,0.00E+00
104,0.00E+00,104,0.00E+00,104,0.00E+00,104,0.00E+00,104,0.00E+00,104,0.00E+00,104,0.00E+00,104,0.00E+00,104,0.00E+00,104,0.00E+00
237,0.00E+00,237,0.00E+00,237,0.00E+00,237,0.00E+00,237,0.00E+00,237,0.00E+00,237,0.00E+00,237,0.00E+00,237,0.00E+00,237,0.00E+00
283,0.00E+00,283,0.00E+00,283,0.00E+00,283,0.00E+00,283,0.00E+00,283,0.00E+00,283,0.00E+00,283,0.00E+00,283,0.00E+00,283,0.00E+00
130,0.00E+00,130,0.00E+00,130,0.00E+00,130,0.00E+00,130,0.00E+00,130,0.00E+00,130,0.00E+00,130,0.00E+00,130,0.00E+00,130,0.00E+00
185,0.00E+00,185,0.00E+00,185,0.00E+00,185,0.00E+00,185,0.00E+00,185,0.00E+00,185,0.00E+00,185,0.00E+00,185,0.00E+00,185,0.00E+00
51,0.00E+00,51,0.00E+00,51,0.00E+00,51,0.00E+00,51,0.00E+00,51,0.00E+00,51,0.00E+00,51,0.00E+00,51,0.00E+00,51,0.00E+00
289,0.00E+00,289,0.00E+00,289,0.00E+00,289,0.00E+00,289,0.00E+00,289,0.00E+00,289,0.00E+00,289,0.00E+00,289,0.00E+00,289,0.00E+00
118,0.00E+00,118,0.00E+00,118,0.00E+00,118,0.00E+00,118,0.00E+00,118,0.00E+00,118,0.00E+00,118,0.00E+00,118,0.00E+00,118,0.00E+00
441,0.00E+00,441,0.00E+00,441,0.00E+00,441,0.00E+00,441,0.00E+00,441,0.00E+00,441,0.00E+00,441,0.00E+00,441,0.00E+00,441,0.00E+00
157,0.00E+00,157,0.00E+00,157,0.00E+00,157,0.00E+00,157,0.00E+00,157,0.00E+00,157,0.00E+00,157,0.00E+00,157,0.00E+00,157,0.00E+00
55,0.00E+00,55,0.00E+00,55,0.00E+00,55,0.00E+00,55,0.00E+00,55,0.00E+00,55,0.00E+00,55,0.00E+00,55,0.00E+00,55,0.00E+00
56,0.00E+00,56,0.00E+00,56,0.00E+00,56,0.00E+00,56,0.00E+00,56,0.00E+00,56,0.00E+00,56,0.00E+00,56,0.00E+00,56,0.00E+00
54,0.00E+00,54,0.00E+00,54,0.00E+00,54,0.00E+00,54,0.00E+00,54,0.00E+00,54,0.00E+00,54,0.00E+00,54,0.00E+00,54,0.00E+00
71,0.00E+00,71,0.00E+00,71,0.00E+00,71,0.00E+00,71,0.00E+00,71,0.00E+00,71,0.00E+00,71,0.00E+00,71,0.00E+00,71,0.00E+00
377,0.00E+00,377,0.00E+00,377,0.00E+00,377,0.00E+00,377,0.00E+00,377,0.00E+00,377,0.00E+00,377,0.00E+00,377,0.00E+00,377,0.00E+00
484,0.00E+00,484,0.00E+00,484,0.00E+00,484,0.00E+00,484,0.00E+00,484,0.00E+00,484,0.00E+00,484,0.00E+00,484,0.00E+00,484,0.00E+00
151,0.00E+00,151,0.00E+00,151,0.00E+00,151,0.00E+00,151,0.00E+00,151,0.00E+00,151,0.00E+00,151,0.00E+00,151,0.00E+00,151,0.00E+00
591,0.00E+00,591,0.00E+00,591,0.00E+00,591,0.00E+00,591,0.00E+00,591,0.00E+00,591,0.00E+00,591,0.00E+00,591,0.00E+00,591,0.00E+00
15,0.00E+00,15,0.00E+00,15,0.00E+00,15,0.00E+00,15,0.00E+00,15,0.00E+00,15,0.00E+00,15,0.00E+00,15,0.00E+00,15,0.00E+00
121,0.00E+00,121,0.00E+00,121,0.00E+00,121,0.00E+00,121,0.00E+00,121,0.00E+00,121,0.00E+00,121,0.00E+00,121,0.00E+00,121,0.00E+00
92,0.00E+00,92,0.00E+00,92,0.00E+00,92,0.00E+00,92,0.00E+00,92,0.00E+00,92,0.00E+00,92,0.00E+00,92,0.00E+00,92,0.00E+00
337,0.00E+00,337,0.00E+00,337,0.00E+00,337,0.00E+00,337,0.00E+00,337,0.00E+00,337,0.00E+00,337,0.00E+00,337,0.00E+00,337,0.00E+00
13,0.00E+00,13,0.00E+00,13,0.00E+00,13,0.00E+00,13,0.00E+00,13,0.00E+00,13,0.00E+00,13,0.00E+00,13,0.00E+00,13,0.00E+00
495,0.00E+00,495,0.00E+00,495,0.00E+00,495,0.00E+00,495,0.00E+00,495,0.00E+00,495,0.00E+00,495,0.00E+00,495,0.00E+00,495,0.00E+00
129,0.00E+00,129,0.00E+00,129,0.00E+00,129,0.00E+00,129,0.00E+00,129,0.00E+00,129,0.00E+00,129,0.00E+00,129,0.00E+00,129,0.00E+00
24,0.00E+00,24,0.00E+00,24,0.00E+00,24,0.00E+00,24,0.00E+00,24,0.00E+00,24,0.00E+00,24,0.00E+00,24,0.00E+00,24,0.00E+00
261,0.00E+00,261,0.00E+00,261,0.00E+00,261,0.00E+00,261,0.00E+00,261,0.00E+00,261,0.00E+00,261,0.00E+00,261,0.00E+00,261,0.00E+00
472,0.00E+00,472,0.00E+00,472,0.00E+00,472,0.00E+00,472,0.00E+00,472,0.00E+00,472,0.00E+00,472,0.00E+00,472,0.00E+00,472,0.00E+00
619,0.00E+00,619,0.00E+00,619,0.00E+00,619,0.00E+00,619,0.00E+00,619,0.00E+00,619,0.00E+00,619,0.00E+00,619,0.00E+00,619,0.00E+00
272,0.00E+00,272,0.00E+00,272,0.00E+00,272,0.00E+00,272,0.00E+00,272,0.00E+00,272,0.00E+00,272,0.00E+00,272,0.00E+00,272,0.00E+00
432,0.00E+00,432,0.00E+00,432,0.00E+00,432,0.00E+00,432,0.00E+00,432,0.00E+00,432,0.00E+00,432,0.00E+00,432,0.00E+00,432,0.00E+00
216,0.00E+00,216,0.00E+00,216,0.00E+00,216,0.00E+00,216,0.00E+00,216,0.00E+00,216,0.00E+00,216,0.00E+00,216,0.00E+00,216,0.00E+00
122,0.00E+00,122,0.00E+00,122,0.00E+00,122,0.00E+00,122,0.00E+00,122,0.00E+00,122,0.00E+00,122,0.00E+00,122,0.00E+00,122,0.00E+00
352,0.00E+00,352,0.00E+00,352,0.00E+00,352,0.00E+00,352,0.00E+00,352,0.00E+00,352,0.00E+00,352,0.00E+00,352,0.00E+00,352,0.00E+00
331,0.00E+00,331,0.00E+00,331,0.00E+00,331,0.00E+00,331,0.00E+00,331,0.00E+00,331,0.00E+00,331,0.00E+00,331,0.00E+00,331,0.00E+00
437,0.00E+00,437,0.00E+00,437,0.00E+00,437,0.00E+00,437,0.00E+00,437,0.00E+00,437,0.00E+00,437,0.00E+00,437,0.00E+00,437,0.00E+00
548,0.00E+00,548,0.00E+00,548,0.00E+00,548,0.00E+00,548,0.00E+00,548,0.00E+00,548,0.00E+00,548,0.00E+00,548,0.00E+00,548,0.00E+00
5,0.00E+00,5,0.00E+00,5,0.00E+00,5,0.00E+00,5,0.00E+00,5,0.00E+00,5,0.00E+00,5,0.00E+00,5,0.00E+00,5,0.00E+00
361,0.00E+00,361,0.00E+00,361,0.00E+00,361,0.00E+00,361,0.00E+00,361,0.00E+00,361,0.00E+00,361,0.00E+00,361,0.00E+00,361,0.00E+00
107,0.00E+00,107,0.00E+00,107,0.00E+00,107,0.00E+00,107,0.00E+00,107,0.00E+00,107,0.00E+00,107,0.00E+00,107,0.00E+00,107,0.00E+00
163,0.00E+00,163,0.00E+00,163,0.00E+00,163,0.00E+00,163,0.00E+00,163,0.00E+00,163,0.00E+00,163,0.00E+00,163,0.00E+00,163,0.00E+00
506,0.00E+00,506,0.00E+00,506,0.00E+00,506,0.00E+00,506,0.00E+00,506,0.00E+00,506,0.00E+00,506,0.00E+00,506,0.00E+00,506,0.00E+00
390,0.00E+00,390,0.00E+00,390,0.00E+00,390,0.00E+00,390,0.00E+00,390,0.00E+00,390,0.00E+00,390,0.00E+00,390,0.00E+00,390,0.00E+00
64,0.00E+00,64,0.00E+00,64,0.00E+00,64,0.00E+00,64,0.00E+00,64,0.00E+00,64,0.00E+00,64,0.00E+00,64,0.00E+00,64,0.00E+00
475,0.00E+00,475,0.00E+00,475,0.00E+00,475,0.00E+00,475,0.00E+00,475,0.00E+00,475,0.00E+00,475,0.00E+00,475,0.00E+00,475,0.00E+00
292,0.00E+00,292,0.00E+00,292,0.00E+00,292,0.00E+00,292,0.00E+00,292,0.00E+00,292,0.00E+00,292,0.00E+00,292,0.00E+00,292,0.00E+00
338,0.00E+00,338,0.00E+00,338,0.00E+00,338,0.00E+00,338,0.00E+00,338,0.00E+00,338,0.00E+00,338,0.00E+00,338,0.00E+00,338,0.00E+00
234,0.00E+00,234,0.00E+00,234,0.00E+00,234,0.00E+00,234,0.00E+00,234,0.00E+00,234,0.00E+00,234,0.00E+00,234,0.00E+00,234,0.00E+00
360,0.00E+00,360,0.00E+00,360,0.00E+00,360,0.00E+00,360,0.00E+00,360,0.00E+00,360,0.00E+00,360,0.00E+00,360,0.00E+00,360,0.00E+00
554,0.00E+00,554,0.00E+00,554,0.00E+00,554,0.00E+00,554,0.00E+00,554,0.00E+00,554,0.00E+00,554,0.00E+00,554,0.00E+00,554,0.00E+00
394,0.00E+00,394,0.00E+00,394,0.00E+00,394,0.00E+00,394,0.00E+00,394,0.00E+00,394,0.00E+00,394,0.00E+00,394,0.00E+00,394,0.00E+00
60,0.00E+00,60,0.00E+00,60,0.00E+00,60,0.00E+00,60,0.00E+00,60,0.00E+00,60,0.00E+00,60,0.00E+00,60,0.00E+00,60,0.00E+00
285,0.00E+00,285,0.00E+00,285,0.00E+00,285,0.00E+00,285,0.00E+00,285,0.00E+00,285,0.00E+00,285,0.00E+00,285,0.00E+00,285,0.00E+00
373,0.00E+00,373,0.00E+00,373,0.00E+00,373,0.00E+00,373,0.00E+00,373,0.00E+00,373,0.00E+00,373,0.00E+00,373,0.00E+00,373,0.00E+00
396,0.00E+00,396,0.00E+00,396,0.00E+00,396,0.00E+00,396,0.00E+00,396,0.00E+00,396,0.00E+00,396,0.00E+00,396,0.00E+00,396,0.00E+00
592,0.00E+00,592,0.00E+00,592,0.00E+00,592,0.00E+00,592,0.00E+00,592,0.00E+00,592,0.00E+00,592,0.00E+00,592,0.00E+00,592,0.00E+00
585,0.00E+00,585,0.00E+00,585,0.00E+00,585,0.00E+00,585,0.00E+00,585,0.00E+00,585,0.00E+00,585,0.00E+00,585,0.00E+00,585,0.00E+00
20,0.00E+00,20,0.00E+00,20,0.00E+00,20,0.00E+00,20,0.00E+00,20,0.00E+00,20,0.00E+00,20,0.00E+00,20,0.00E+00,20,0.00E+00
247,0.00E+00,247,0.00E+00,247,0.00E+00,247,0.00E+00,247,0.00E+00,247,0.00E+00,247,0.00E+00,247,0.00E+00,247,0.00E+00,247,0.00E+00
99,0.00E+00,99,0.00E+00,99,0.00E+00,99,0.00E+00,99,0.00E+00,99,0.00E+00,99,0.00E+00,99,0.00E+00,99,0.00E+00,99,0.00E+00
538,0.00E+00,538,0.00E+00,538,0.00E+00,538,0.00E+00,538,0.00E+00,538,0.00E+00,538,0.00E+00,538,0.00E+00,538,0.00E+00,538,0.00E+00
535,0.00E+00,535,0.00E+00,535,0.00E+00,535,0.00E+00,535,0.00E+00,535,0.00E+00,535,0.00E+00,535,0.00E+00,535,0.00E+00,535,0.00E+00
347,0.00E+00,347,0.00E+00,347,0.00E+00,347,0.00E+00,347,0.00E+00,347,0.00E+00,347,0.00E+00,347,0.00E+00,347,0.00E+00,347,0.00E+00
409,0.00E+00,409,0.00E+00,409,0.00E+00,409,0.00E+00,409,0.00E+00,409,0.00E+00,409,0.00E+00,409,0.00E+00,409,0.00E+00,409,0.00E+00
364,0.00E+00,364,0.00E+00,364,0.00E+00,364,0.00E+00,364,0.00E+00,364,0.00E+00,364,0.00E+00,364,0.00E+00,364,0.00E+00,364,0.00E+00
277,0.00E+00,277,0.00E+00,277,0.00E+00,277,0.00E+00,277,0.00E+00,277,0.00E+00,277,0.00E+00,277,0.00E+00,277,0.00E+00,277,0.00E+00
66,0.00E+00,66,0.00E+00,66,0.00E+00,66,0.00E+00,66,0.00E+00,66,0.00E+00,66,0.00E+00,66,0.00E+00,66,0.00E+00,66,0.00E+00
214,0.00E+00,214,0.00E+00,214,0.00E+00,214,0.00E+00,214,0.00E+00,214,0.00E+00,214,0.00E+00,214,0.00E+00,214,0.00E+00,214,0.00E+00
94,0.00E+00,94,0.00E+00,94,0.00E+00,94,0.00E+00,94,0.00E+00,94,0.00E+00,94,0.00E+00,94,0.00E+00,94,0.00E+00,94,0.00E+00
93,0.00E+00,93,0.00E+00,93,0.00E+00,93,0.00E+00,93,0.00E+00,93,0.00E+00,93,0.00E+00,93,0.00E+00,93,0.00E+00,93,0.00E+00
408,0.00E+00,408,0.00E+00,408,0.00E+00,408,0.00E+00,408,0.00E+00,408,0.00E+00,408,0.00E+00,408,0.00E+00,408,0.00E+00,408,0.00E+00
270,0.00E+00,270,0.00E+00,270,0.00E+00,270,0.00E+00,270,0.00E+00,270,0.00E+00,270,0.00E+00,270,0.00E+00,270,0.00E+00,270,0.00E+00
524,0.00E+00,524,0.00E+00,524,0.00E+00,524,0.00E+00,524,0.00E+00,524,0.00E+00,524,0.00E+00,524,0.00E+00,524,0.00E+00,524,0.00E+00
386,0.00E+00,386,0.00E+00,386,0.00E+00,386,0.00E+00,386,0.00E+00,386,0.00E+00,386,0.00E+00,386,0.00E+00,386,0.00E+00,386,0.00E+00
532,0.00E+00,532,0.00E+00,532,0.00E+00,532,0.00E+00,532,0.00E+00,532,0.00E+00,532,0.00E+00,532,0.00E+00,532,0.00E+00,532,0.00E+00
434,0.00E+00,434,0.00E+00,434,0.00E+00,434,0.00E+00,434,0.00E+00,434,0.00E+00,434,0.00E+00,434,0.00E+00,434,0.00E+00,434,0.00E+00
87,0.00E+00,87,0.00E+00,87,0.00E+00,87,0.00E+00,87,0.00E+00,87,0.00E+00,87,0.00E+00,87,0.00E+00,87,0.00E+00,87,0.00E+00
600,0.00E+00,600,0.00E+00,600,0.00E+00,600,0.00E+00,600,0.00E+00,600,0.00E+00,600,0.00E+00,600,0.00E+00,600,0.00E+00,600,0.00E+00
84,0.00E+00,84,0.00E+00,84,0.00E+00,84,0.00E+00,84,0.00E+00,84,0.00E+00,84,0.00E+00,84,0.00E+00,84,0.00E+00,84,0.00E+00
326,0.00E+00,326,0.00E+00,326,0.00E+00,326,0.00E+00,326,0.00E+00,326,0.00E+00,326,0.00E+00,326,0.00E+00,326,0.00E+00,326,0.00E+00
301,0.00E+00,301,0.00E+00,301,0.00E+00,301,0.00E+00,301,0.00E+00,301,0.00E+00,301,0.00E+00,301,0.00E+00,301,0.00E+00,301,0.00E+00
401,0.00E+00,401,0.00E+00,401,0.00E+00,401,0.00E+00,401,0.00E+00,401,0.00E+00,401,0.00E+00,401,0.00E+00,401,0.00E+00,401,0.00E+00
537,0.00E+00,537,0.00E+00,537,0.00E+00,537,0.00E+00,537,0.00E+00,537,0.00E+00,537,0.00E+00,537,0.00E+00,537,0.00E+00,537,0.00E+00
10,0.00E+00,10,0.00E+00,10,0.00E+00,10,0.00E+00,10,0.00E+00,10,0.00E+00,10,0.00E+00,10,0.00E+00,10,0.00E+00,10,0.00E+00
172,0.00E+00,172,0.00E+00,172,0.00E+00,172,0.00E+00,172,0.00E+00,172,0.00E+00,172,0.00E+00,172,0.00E+00,172,0.00E+00,172,0.00E+00
529,0.00E+00,529,0.00E+00,529,0.00E+00,529,0.00E+00,529,0.00E+00,529,0.00E+00,529,0.00E+00,529,0.00E+00,529,0.00E+00,529,0.00E+00
3,0.00E+00,3,0.00E+00,3,0.00E+00,3,0.00E+00,3,0.00E+00,3,0.00E+00,3,0.00E+00,3,0.00E+00,3,0.00E+00,3,0.00E+00
520,0.00E+00,520,0.00E+00,520,0.00E+00,520,0.00E+00,520,0.00E+00,520,0.00E+00,520,0.00E+00,520,0.00E+00,520,0.00E+00,520,0.00E+00
197,0.00E+00,197,0.00E+00,197,0.00E+00,197,0.00E+00,197,0.00E+00,197,0.00E+00,197,0.00E+00,197,0.00E+00,197,0.00E+00,197,0.00E+00
75,0.00E+00,75,0.00E+00,75,0.00E+00,75,0.00E+00,75,0.00E+00,75,0.00E+00,75,0.00E+00,75,0.00E+00,75,0.00E+00,75,0.00E+00
284,0.00E+00,284,0.00E+00,284,0.00E+00,284,0.00E+00,284,0.00E+00,284,0.00E+00,284,0.00E+00,284,0.00E+00,284,0.00E+00,284,0.00E+00
405,0.00E+00,405,0.00E+00,405,0.00E+00,405,0.00E+00,405,0.00E+00,405,0.00E+00,405,0.00E+00,405,0.00E+00,405,0.00E+00,405,0.00E+00
291,0.00E+00,291,0.00E+00,291,0.00E+00,291,0.00E+00,291,0.00E+00,291,0.00E+00,291,0.00E+00,291,0.00E+00,291,0.00E+00,291,0.00E+00
263,0.00E+00,263,0.00E+00,263,0.00E+00,263,0.00E+00,263,0.00E+00,263,0.00E+00,263,0.00E+00,263,0.00E+00,263,0.00E+00,263,0.00E+00
470,0.00E+00,470,0.00E+00,470,0.00E+00,470,0.00E+00,470,0.00E+00,470,0.00E+00,470,0.00E+00,470,0.00E+00,470,0.00E+00,470,0.00E+00
82,0.00E+00,82,0.00E+00,82,0.00E+00,82,0.00E+00,82,0.00E+00,82,0.00E+00,82,0.00E+00,82,0.00E+00,82,0.00E+00,82,0.00E+00
192,0.00E+00,192,0.00E+00,192,0.00E+00,192,0.00E+00,192,0.00E+00,192,0.00E+00,192,0.00E+00,192,0.00E+00,192,0.00E+00,192,0.00E+00
140,0.00E+00,140,0.00E+00,140,0.00E+00,140,0.00E+00,140,0.00E+00,140,0.00E+00,140,0.00E+00,140,0.00E+00,140,0.00E+00,140,0.00E+00
183,0.00E+00,183,0.00E+00,183,0.00E+00,183,0.00E+00,183,0.00E+00,183,0.00E+00,183,0.00E+00,183,0.00E+00,183,0.00E+00,183,0.00E+00
562,0.00E+00,562,0.00E+00,562,0.00E+00,562,0.00E+00,562,0.00E+00,562,0.00E+00,562,0.00E+00,562,0.00E+00,562,0.00E+00,562,0.00E+00
388,0.00E+00,388,0.00E+00,388,0.00E+00,388,0.00E+00,388,0.00E+00,388,0.00E+00,388,0.00E+00,388,0.00E+00,388,0.00E+00,388,0.00E+00
190,0.00E+00,190,0.00E+00,190,0.00E+00,190,0.00E+00,190,0.00E+00,190,0.00E+00,190,0.00E+00,190,0.00E+00,190,0.00E+00,190,0.00E+00
295,0.00E+00,295,0.00E+00,295,0.00E+00,295,0.00E+00,295,0.00E+00,295,0.00E+00,295,0.00E+00,295,0.00E+00,295,0.00E+00,295,0.00E+00
555,0.00E+00,555,0.00E+00,555,0.00E+00,555,0.00E+00,555,0.00E+00,555,0.00E+00,555,0.00E+00,555,0.00E+00,555,0.00E+00,555,0.00E+00
265,0.00E+00,265,0.00E+00,265,0.00E+00,265,0.00E+00,265,0.00E+00,265,0.00E+00,265,0.00E+00,265,0.00E+00,265,0.00E+00,265,0.00E+00
286,0.00E+00,286,0.00E+00,286,0.00E+00,286,0.00E+00,286,0.00E+00,286,0.00E+00,286,0.00E+00,286,0.00E+00,286,0.00E+00,286,0.00E+00
365,0.00E+00,365,0.00E+00,365,0.00E+00,365,0.00E+00,365,0.00E+00,365,0.00E+00,365,0.00E+00,365,0.00E+00,365,0.00E+00,365,0.00E+00
552,0.00E+00,552,0.00E+00,552,0.00E+00,552,0.00E+00,552,0.00E+00,552,0.00E+00,552,0.00E+00,552,0.00E+00,552,0.00E+00,552,0.00E+00
219,0.00E+00,219,0.00E+00,219,0.00E+00,219,0.00E+00,219,0.00E+00,219,0.00E+00,219,0.00E+00,219,0.00E+00,219,0.00E+00,219,0.00E+00
590,0.00E+00,590,0.00E+00,590,0.00E+00,590,0.00E+00,590,0.00E+00,590,0.00E+00,590,0.00E+00,590,0.00E+00,590,0.00E+00,590,0.00E+00
152,0.00E+00,152,0.00E+00,152,0.00E+00,152,0.00E+00,152,0.00E+00,152,0.00E+00,152,0.00E+00,152,0.00E+00,152,0.00E+00,152,0.00E+00
42,0.00E+00,42,0.00E+00,42,0.00E+00,42,0.00E+00,42,0.00E+00,42,0.00E+00,42,0.00E+00,42,0.00E+00,42,0.00E+00,42,0.00E+00
543,0.00E+00,543,0.00E+00,543,0.00E+00,543,0.00E+00,543,0.00E+00,543,0.00E+00,543,0.00E+00,543,0.00E+00,543,0.00E+00,543,0.00E+00
47,0.00E+00,47,0.00E+00,47,0.00E+00,47,0.00E+00,47,0.00E+00,47,0.00E+00,47,0.00E+00,47,0.00E+00,47,0.00E+00,47,0.00E+00
540,0.00E+00,540,0.00E+00,540,0.00E+00,540,0.00E+00,540,0.00E+00,540,0.00E+00,540,0.00E+00,540,0.00E+00,540,0.00E+00,540,0.00E+00
525,0.00E+00,525,0.00E+00,525,0.00E+00,525,0.00E+00,525,0.00E+00,525,0.00E+00,525,0.00E+00,525,0.00E+00,525,0.00E+00,525,0.00E+00
455,0.00E+00,455,0.00E+00,455,0.00E+00,455,0.00E+00,455,0.00E+00,455,0.00E+00,455,0.00E+00,455,0.00E+00,455,0.00E+00,455,0.00E+00
522,0.00E+00,522,0.00E+00,522,0.00E+00,522,0.00E+00,522,0.00E+00,522,0.00E+00,522,0.00E+00,522,0.00E+00,522,0.00E+00,522,0.00E+00
174,0.00E+00,174,0.00E+00,174,0.00E+00,174,0.00E+00,174,0.00E+00,174,0.00E+00,174,0.00E+00,174,0.00E+00,174,0.00E+00,174,0.00E+00
416,0.00E+00,416,0.00E+00,416,0.00E+00,416,0.00E+00,416,0.00E+00,416,0.00E+00,416,0.00E+00,416,0.00E+00,416,0.00E+00,416,0.00E+00
223,0.00E+00,223,0.00E+00,223,0.00E+00,223,0.00E+00,223,0.00E+00,223,0.00E+00,223,0.00E+00,223,0.00E+00,223,0.00E+00,223,0.00E+00
314,0.00E+00,314,0.00E+00,314,0.00E+00,314,0.00E+00,314,0.00E+00,314,0.00E+00,314,0.00E+00,314,0.00E+00,314,0.00E+00,314,0.00E+00
383,0.00E+00,383,0.00E+00,383,0.00E+00,383,0.00E+00,383,0.00E+00,383,0.00E+00,383,0.00E+00,383,0.00E+00,383,0.00E+00,383,0.00E+00
182,0.00E+00,182,0.00E+00,182,0.00E+00,182,0.00E+00,182,0.00E+00,182,0.00E+00,182,0.00E+00,182,0.00E+00,182,0.00E+00,182,0.00E+00
445,0.00E+00,445,0.00E+00,445,0.00E+00,445,0.00E+00,445,0.00E+00,445,0.00E+00,445,0.00E+00,445,0.00E+00,445,0.00E+00,445,0.00E+00
137,0.00E+00,137,0.00E+00,137,0.00E+00,137,0.00E+00,137,0.00E+00,137,0.00E+00,137,0.00E+00,137,0.00E+00,137,0.00E+00,137,0.00E+00
487,0.00E+00,487,0.00E+00,487,0.00E+00,487,0.00E+00,487,0.00E+00,487,0.00E+00,487,0.00E+00,487,0.00E+00,487,0.00E+00,487,0.00E+00
252,0.00E+00,252,0.00E+00,252,0.00E+00,252,0.00E+00,252,0.00E+00,252,0.00E+00,252,0.00E+00,252,0.00E+00,252,0.00E+00,252,0.00E+00
273,0.00E+00,273,0.00E+00,273,0.00E+00,273,0.00E+00,273,0.00E+00,273,0.00E+00,273,0.00E+00,273,0.00E+00,273,0.00E+00,273,0.00E+00
164,0.00E+00,164,0.00E+00,164,0.00E+00,164,0.00E+00,164,0.00E+00,164,0.00E+00,164,0.00E+00,164,0.00E+00,164,0.00E+00,164,0.00E+00
296,0.00E+00,296,0.00E+00,296,0.00E+00,296,0.00E+00,296,0.00E+00,296,0.00E+00,296,0.00E+00,296,0.00E+00,296,0.00E+00,296,0.00E+00
558,0.00E+00,558,0.00E+00,558,0.00E+00,558,0.00E+00,558,0.00E+00,558,0.00E+00,558,0.00E+00,558,0.00E+00,558,0.00E+00,558,0.00E+00
141,0.00E+00,141,0.00E+00,141,0.00E+00,141,0.00E+00,141,0.00E+00,141,0.00E+00,141,0.00E+00,141,0.00E+00,141,0.00E+00,141,0.00E+00
169,0.00E+00,169,0.00E+00,169,0.00E+00,169,0.00E+00,169,0.00E+00,169,0.00E+00,169,0.00E+00,169,0.00E+00,169,0.00E+00,169,0.00E+00
46,0.00E+00,46,0.00E+00,46,0.00E+00,46,0.00E+00,46,0.00E+00,46,0.00E+00,46,0.00E+00,46,0.00E+00,46,0.00E+00,46,0.00E+00
105,0.00E+00,105,0.00E+00,105,0.00E+00,105,0.00E+00,105,0.00E+00,105,0.00E+00,105,0.00E+00,105,0.00E+00,105,0.00E+00,105,0.00E+00
563,0.00E+00,563,0.00E+00,563,0.00E+00,563,0.00E+00,563,0.00E+00,563,0.00E+00,563,0.00E+00,563,0.00E+00,563,0.00E+00,563,0.00E+00
120,0.00E+00,120,0.00E+00,120,0.00E+00,120,0.00E+00,120,0.00E+00,120,0.00E+00,120,0.00E+00,120,0.00E+00,120,0.00E+00,120,0.00E+00
86,0.00E+00,86,0.00E+00,86,0.00E+00,86,0.00E+00,86,0.00E+00,86,0.00E+00,86,0.00E+00,86,0.00E+00,86,0.00E+00,86,0.00E+00
621,0.00E+00,621,0.00E+00,621,0.00E+00,621,0.00E+00,621,0.00E+00,621,0.00E+00,621,0.00E+00,621,0.00E+00,621,0.00E+00,621,0.00E+00
384,0.00E+00,384,0.00E+00,384,0.00E+00,384,0.00E+00,384,0.00E+00,384,0.00E+00,384,0.00E+00,384,0.00E+00,384,0.00E+00,384,0.00E+00
358,0.00E+00,358,0.00E+00,358,0.00E+00,358,0.00E+00,358,0.00E+00,358,0.00E+00,358,0.00E+00,358,0.00E+00,358,0.00E+00,358,0.00E+00
557,0.00E+00,557,0.00E+00,557,0.00E+00,557,0.00E+00,557,0.00E+00,557,0.00E+00,557,0.00E+00,557,0.00E+00,557,0.00E+00,557,0.00E+00
145,0.00E+00,145,0.00E+00,145,0.00E+00,145,0.00E+00,145,0.00E+00,145,0.00E+00,145,0.00E+00,145,0.00E+00,145,0.00E+00,145,0.00E+00
370,0.00E+00,370,0.00E+00,370,0.00E+00,370,0.00E+00,370,0.00E+00,370,0.00E+00,370,0.00E+00,370,0.00E+00,370,0.00E+00,370,0.00E+00
372,0.00E+00,372,0.00E+00,372,0.00E+00,372,0.00E+00,372,0.00E+00,372,0.00E+00,372,0.00E+00,372,0.00E+00,372,0.00E+00,372,0.00E+00
196,0.00E+00,196,0.00E+00,196,0.00E+00,196,0.00E+00,196,0.00E+00,196,0.00E+00,196,0.00E+00,196,0.00E+00,196,0.00E+00,196,0.00E+00
12,0.00E+00,12,0.00E+00,12,0.00E+00,12,0.00E+00,12,0.00E+00,12,0.00E+00,12,0.00E+00,12,0.00E+00,12,0.00E+00,12,0.00E+00
206,0.00E+00,206,0.00E+00,206,0.00E+00,206,0.00E+00,206,0.00E+00,206,0.00E+00,206,0.00E+00,206,0.00E+00,206,0.00E+00,206,0.00E+00
300,0.00E+00,300,0.00E+00,300,0.00E+00,300,0.00E+00,300,0.00E+00,300,0.00E+00,300,0.00E+00,300,0.00E+00,300,0.00E+00,300,0.00E+00
559,0.00E+00,559,0.00E+00,559,0.00E+00,559,0.00E+00,559,0.00E+00,559,0.00E+00,559,0.00E+00,559,0.00E+00,559,0.00E+00,559,0.00E+00
357,0.00E+00,357,0.00E+00,357,0.00E+00,357,0.00E+00,357,0.00E+00,357,0.00E+00,357,0.00E+00,357,0.00E+00,357,0.00E+00,357,0.00E+00
523,0.00E+00,523,0.00E+00,523,0.00E+00,523,0.00E+00,523,0.00E+00,523,0.00E+00,523,0.00E+00,523,0.00E+00,523,0.00E+00,523,0.00E+00
539,0.00E+00,539,0.00E+00,539,0.00E+00,539,0.00E+00,539,0.00E+00,539,0.00E+00,539,0.00E+00,539,0.00E+00,539,0.00E+00,539,0.00E+00
299,0.00E+00,299,0.00E+00,299,0.00E+00,299,0.00E+00,299,0.00E+00,299,0.00E+00,299,0.00E+00,299,0.00E+00,299,0.00E+00,299,0.00E+00
184,0.00E+00,184,0.00E+00,184,0.00E+00,184,0.00E+00,184,0.00E+00,184,0.00E+00,184,0.00E+00,184,0.00E+00,184,0.00E+00,184,0.00E+00
143,0.00E+00,143,0.00E+00,143,0.00E+00,143,0.00E+00,143,0.00E+00,143,0.00E+00,143,0.00E+00,143,0.00E+00,143,0.00E+00,143,0.00E+00
465,0.00E+00,465,0.00E+00,465,0.00E+00,465,0.00E+00,465,0.00E+00,465,0.00E+00,465,0.00E+00,465,0.00E+00,465,0.00E+00,465,0.00E+00
500,0.00E+00,500,0.00E+00,500,0.00E+00,500,0.00E+00,500,0.00E+00,500,0.00E+00,500,0.00E+00,500,0.00E+00,500,0.00E+00,500,0.00E+00
498,0.00E+00,498,0.00E+00,498,0.00E+00,498,0.00E+00,498,0.00E+00,498,0.00E+00,498,0.00E+00,498,0.00E+00,498,0.00E+00,498,0.00E+00
18,0.00E+00,18,0.00E+00,18,0.00E+00,18,0.00E+00,18,0.00E+00,18,0.00E+00,18,0.00E+00,18,0.00E+00,18,0.00E+00,18,0.00E+00
2,0.00E+00,2,0.00E+00,2,0.00E+00,2,0.00E+00,2,0.00E+00,2,0.00E+00,2,0.00E+00,2,0.00E+00,2,0.00E+00,2,0.00E+00
21,0.00E+00,21,0.00E+00,21,0.00E+00,21,0.00E+00,21,0.00E+00,21,0.00E+00,21,0.00E+00,21,0.00E+00,21,0.00E+00,21,0.00E+00
154,0.00E+00,154,0.00E+00,154,0.00E+00,154,0.00E+00,154,0.00E+00,154,0.00E+00,154,0.00E+00,154,0.00E+00,154,0.00E+00,154,0.00E+00
407,0.00E+00,407,0.00E+00,407,0.00E+00,407,0.00E+00,407,0.00E+00,407,0.00E+00,407,0.00E+00,407,0.00E+00,407,0.00E+00,407,0.00E+00
101,0.00E+00,101,0.00E+00,101,0.00E+00,101,0.00E+00,101,0.00E+00,101,0.00E+00,101,0.00E+00,101,0.00E+00,101,0.00E+00,101,0.00E+00
161,0.00E+00,161,0.00E+00,161,0.00E+00,161,0.00E+00,161,0.00E+00,161,0.00E+00,161,0.00E+00,161,0.00E+00,161,0.00E+00,161,0.00E+00
275,0.00E+00,275,0.00E+00,275,0.00E+00,275,0.00E+00,275,0.00E+00,275,0.00E+00,275,0.00E+00,275,0.00E+00,275,0.00E+00,275,0.00E+00
312,0.00E+00,312,0.00E+00,312,0.00E+00,312,0.00E+00,312,0.00E+00,312,0.00E+00,312,0.00E+00,312,0.00E+00,312,0.00E+00,312,0.00E+00
48,0.00E+00,48,0.00E+00,48,0.00E+00,48,0.00E+00,48,0.00E+00,48,0.00E+00,48,0.00E+00,48,0.00E+00,48,0.00E+00,48,0.00E+00
606,0.00E+00,606,0.00E+00,606,0.00E+00,606,0.00E+00,606,0.00E+00,606,0.00E+00,606,0.00E+00,606,0.00E+00,606,0.00E+00,606,0.00E+00
518,0.00E+00,518,0.00E+00,518,0.00E+00,518,0.00E+00,518,0.00E+00,518,0.00E+00,518,0.00E+00,518,0.00E+00,518,0.00E+00,518,0.00E+00
371,0.00E+00,371,0.00E+00,371,0.00E+00,371,0.00E+00,371,0.00E+00,371,0.00E+00,371,0.00E+00,371,0.00E+00,371,0.00E+00,371,0.00E+00
53,0.00E+00,53,0.00E+00,53,0.00E+00,53,0.00E+00,53,0.00E+00,53,0.00E+00,53,0.00E+00,53,0.00E+00,53,0.00E+00,53,0.00E+00
278,0.00E+00,278,0.00E+00,278,0.00E+00,278,0.00E+00,278,0.00E+00,278,0.00E+00,278,0.00E+00,278,0.00E+00,278,0.00E+00,278,0.00E+00
58,0.00E+00,58,0.00E+00,58,0.00E+00,58,0.00E+00,58,0.00E+00,58,0.00E+00,58,0.00E+00,58,0.00E+00,58,0.00E+00,58,0.00E+00
198,0.00E+00,198,0.00E+00,198,0.00E+00,198,0.00E+00,198,0.00E+00,198,0.00E+00,198,0.00E+00,198,0.00E+00,198,0.00E+00,198,0.00E+00
222,0.00E+00,222,0.00E+00,222,0.00E+00,222,0.00E+00,222,0.00E+00,222,0.00E+00,222,0.00E+00,222,0.00E+00,222,0.00E+00,222,0.00E+00
212,0.00E+00,212,0.00E+00,212,0.00E+00,212,0.00E+00,212,0.00E+00,212,0.00E+00,212,0.00E+00,212,0.00E+00,212,0.00E+00,212,0.00E+00
378,0.00E+00,378,0.00E+00,378,0.00E+00,378,0.00E+00,378,0.00E+00,378,0.00E+00,378,0.00E+00,378,0.00E+00,378,0.00E+00,378,0.00E+00
40,0.00E+00,40,0.00E+00,40,0.00E+00,40,0.00E+00,40,0.00E+00,40,0.00E+00,40,0.00E+00,40,0.00E+00,40,0.00E+00,40,0.00E+00
330,0.00E+00,330,0.00E+00,330,0.00E+00,330,0.00E+00,330,0.00E+00,330,0.00E+00,330,0.00E+00,330,0.00E+00,330,0.00E+00,330,0.00E+00
269,0.00E+00,269,0.00E+00,269,0.00E+00,269,0.00E+00,269,0.00E+00,269,0.00E+00,269,0.00E+00,269,0.00E+00,269,0.00E+00,269,0.00E+00
83,0.00E+00,83,0.00E+00,83,0.00E+00,83,0.00E+00,83,0.00E+00,83,0.00E+00,83,0.00E+00,83,0.00E+00,83,0.00E+00,83,0.00E+00
513,0.00E+00,513,0.00E+00,513,0.00E+00,513,0.00E+00,513,0.00E+00,513,0.00E+00,513,0.00E+00,513,0.00E+00,513,0.00E+00,513,0.00E+00
282,0.00E+00,282,0.00E+00,282,0.00E+00,282,0.00E+00,282,0.00E+00,282,0.00E+00,282,0.00E+00,282,0.00E+00,282,0.00E+00,282,0.00E+00
266,0.00E+00,266,0.00E+00,266,0.00E+00,266,0.00E+00,266,0.00E+00,266,0.00E+00,266,0.00E+00,266,0.00E+00,266,0.00E+00,266,0.00E+00
430,0.00E+00,430,0.00E+00,430,0.00E+00,430,0.00E+00,430,0.00E+00,430,0.00E+00,430,0.00E+00,430,0.00E+00,430,0.00E+00,430,0.00E+00
366,0.00E+00,366,0.00E+00,366,0.00E+00,366,0.00E+00,366,0.00E+00,366,0.00E+00,366,0.00E+00,366,0.00E+00,366,0.00E+00,366,0.00E+00
264,0.00E+00,264,0.00E+00,264,0.00E+00,264,0.00E+00,264,0.00E+00,264,0.00E+00,264,0.00E+00,264,0.00E+00,264,0.00E+00,264,0.00E+00
541,0.00E+00,541,0.00E+00,541,0.00E+00,541,0.00E+00,541,0.00E+00,541,0.00E+00,541,0.00E+00,541,0.00E+00,541,0.00E+00,541,0.00E+00
336,0.00E+00,336,0.00E+00,336,0.00E+00,336,0.00E+00,336,0.00E+00,336,0.00E+00,336,0.00E+00,336,0.00E+00,336,0.00E+00,336,0.00E+00
480,0.00E+00,480,0.00E+00,480,0.00E+00,480,0.00E+00,480,0.00E+00,480,0.00E+00,480,0.00E+00,480,0.00E+00,480,0.00E+00,480,0.00E+00
594,0.00E+00,594,0.00E+00,594,0.00E+00,594,0.00E+00,594,0.00E+00,594,0.00E+00,594,0.00E+00,594,0.00E+00,594,0.00E+00,594,0.00E+00
471,0.00E+00,471,0.00E+00,471,0.00E+00,471,0.00E+00,471,0.00E+00,471,0.00E+00,471,0.00E+00,471,0.00E+00,471,0.00E+00,471,0.00E+00
150,0.00E+00,150,0.00E+00,150,0.00E+00,150,0.00E+00,150,0.00E+00,150,0.00E+00,150,0.00E+00,150,0.00E+00,150,0.00E+00,150,0.00E+00
128,0.00E+00,128,0.00E+00,128,0.00E+00,128,0.00E+00,128,0.00E+00,128,0.00E+00,128,0.00E+00,128,0.00E+00,128,0.00E+00,128,0.00E+00
385,0.00E+00,385,0.00E+00,385,0.00E+00,385,0.00E+00,385,0.00E+00,385,0.00E+00,385,0.00E+00,385,0.00E+00,385,0.00E+00,385,0.00E+00
30,0.00E+00,30,0.00E+00,30,0.00E+00,30,0.00E+00,30,0.00E+00,30,0.00E+00,30,0.00E+00,30,0.00E+00,30,0.00E+00,30,0.00E+00
325,0.00E+00,325,0.00E+00,325,0.00E+00,325,0.00E+00,325,0.00E+00,325,0.00E+00,325,0.00E+00,325,0.00E+00,325,0.00E+00,325,0.00E+00
530,0.00E+00,530,0.00E+00,530,0.00E+00,530,0.00E+00,530,0.00E+00,530,0.00E+00,530,0.00E+00,530,0.00E+00,530,0.00E+00,530,0.00E+00
160,0.00E+00,160,0.00E+00,160,0.00E+00,160,0.00E+00,160,0.00E+00,160,0.00E+00,160,0.00E+00,160,0.00E+00,160,0.00E+00,160,0.00E+00
550,0.00E+00,550,0.00E+00,550,0.00E+00,550,0.00E+00,550,0.00E+00,550,0.00E+00,550,0.00E+00,550,0.00E+00,550,0.00E+00,550,0.00E+00
514,0.00E+00,514,0.00E+00,514,0.00E+00,514,0.00E+00,514,0.00E+00,514,0.00E+00,514,0.00E+00,514,0.00E+00,514,0.00E+00,514,0.00E+00
479,0.00E+00,479,0.00E+00,479,0.00E+00,479,0.00E+00,479,0.00E+00,479,0.00E+00,479,0.00E+00,479,0.00E+00,479,0.00E+00,479,0.00E+00
329,0.00E+00,329,0.00E+00,329,0.00E+00,329,0.00E+00,329,0.00E+00,329,0.00E+00,329,0.00E+00,329,0.00E+00,329,0.00E+00,329,0.00E+00
131,0.00E+00,131,0.00E+00,131,0.00E+00,131,0.00E+00,131,0.00E+00,131,0.00E+00,131,0.00E+00,131,0.00E+00,131,0.00E+00,131,0.00E+00
279,0.00E+00,279,0.00E+00,279,0.00E+00,279,0.00E+00,279,0.00E+00,279,0.00E+00,279,0.00E+00,279,0.00E+00,279,0.00E+00,279,0.00E+00
233,0.00E+00,233,0.00E+00,233,0.00E+00,233,0.00E+00,233,0.00E+00,233,0.00E+00,233,0.00E+00,233,0.00E+00,233,0.00E+00,233,0.00E+00
100,0.00E+00,100,0.00E+00,100,0.00E+00,100,0.00E+00,100,0.00E+00,100,0.00E+00,100,0.00E+00,100,0.00E+00,100,0.00E+00,100,0.00E+00
419,0.00E+00,419,0.00E+00,419,0.00E+00,419,0.00E+00,419,0.00E+00,419,0.00E+00,419,0.00E+00,419,0.00E+00,419,0.00E+00,419,0.00E+00
527,0.00E+00,527,0.00E+00,527,0.00E+00,527,0.00E+00,527,0.00E+00,527,0.00E+00,527,0.00E+00,527,0.00E+00,527,0.00E+00,527,0.00E+00
442,0.00E+00,442,0.00E+00,442,0.00E+00,442,0.00E+00,442,0.00E+00,442,0.00E+00,442,0.00E+00,442,0.00E+00,442,0.00E+00,442,0.00E+00
213,0.00E+00,213,0.00E+00,213,0.00E+00,213,0.00E+00,213,0.00E+00,213,0.00E+00,213,0.00E+00,213,0.00E+00,213,0.00E+00,213,0.00E+00
435,0.00E+00,435,0.00E+00,435,0.00E+00,435,0.00E+00,435,0.00E+00,435,0.00E+00,435,0.00E+00,435,0.00E+00,435,0.00E+00,435,0.00E+00
146,0.00E+00,146,0.00E+00,146,0.00E+00,146,0.00E+00,146,0.00E+00,146,0.00E+00,146,0.00E+00,146,0.00E+00,146,0.00E+00,146,0.00E+00
556,0.00E+00,556,0.00E+00,556,0.00E+00,556,0.00E+00,556,0.00E+00,556,0.00E+00,556,0.00E+00,556,0.00E+00,556,0.00E+00,556,0.00E+00
339,0.00E+00,339,0.00E+00,339,0.00E+00,339,0.00E+00,339,0.00E+00,339,0.00E+00,339,0.00E+00,339,0.00E+00,339,0.00E+00,339,0.00E+00
391,0.00E+00,391,0.00E+00,391,0.00E+00,391,0.00E+00,391,0.00E+00,391,0.00E+00,391,0.00E+00,391,0.00E+00,391,0.00E+00,391,0.00E+00
217,0.00E+00,217,0.00E+00,217,0.00E+00,217,0.00E+00,217,0.00E+00,217,0.00E+00,217,0.00E+00,217,0.00E+00,217,0.00E+00,217,0.00E+00
310,0.00E+00,310,0.00E+00,310,0.00E+00,310,0.00E+00,310,0.00E+00,310,0.00E+00,310,0.00E+00,310,0.00E+00,310,0.00E+00,310,0.00E+00
387,0.00E+00,387,0.00E+00,387,0.00E+00,387,0.00E+00,387,0.00E+00,387,0.00E+00,387,0.00E+00,387,0.00E+00,387,0.00E+00,387,0.00E+00
167,0.00E+00,167,0.00E+00,167,0.00E+00,167,0.00E+00,167,0.00E+00,167,0.00E+00,167,0.00E+00,167,0.00E+00,167,0.00E+00,167,0.00E+00
32,0.00E+00,32,0.00E+00,32,0.00E+00,32,0.00E+00,32,0.00E+00,32,0.00E+00,32,0.00E+00,32,0.00E+00,32,0.00E+00,32,0.00E+00
125,0.00E+00,125,0.00E+00,125,0.00E+00,125,0.00E+00,125,0.00E+00,125,0.00E+00,125,0.00E+00,125,0.00E+00,125,0.00E+00,125,0.00E+00
395,0.00E+00,395,0.00E+00,395,0.00E+00,395,0.00E+00,395,0.00E+00,395,0.00E+00,395,0.00E+00,395,0.00E+00,395,0.00E+00,395,0.00E+00
158,0.00E+00,158,0.00E+00,158,0.00E+00,158,0.00E+00,158,0.00E+00,158,0.00E+00,158,0.00E+00,158,0.00E+00,158,0.00E+00,158,0.00E+00
253,0.00E+00,253,0.00E+00,253,0.00E+00,253,0.00E+00,253,0.00E+00,253,0.00E+00,253,0.00E+00,253,0.00E+00,253,0.00E+00,253,0.00E+00
542,0.00E+00,542,0.00E+00,542,0.00E+00,542,0.00E+00,542,0.00E+00,542,0.00E+00,542,0.00E+00,542,0.00E+00,542,0.00E+00,542,0.00E+00
327,0.00E+00,327,0.00E+00,327,0.00E+00,327,0.00E+00,327,0.00E+00,327,0.00E+00,327,0.00E+00,327,0.00E+00,327,0.00E+00,327,0.00E+00
49,0.00E+00,49,0.00E+00,49,0.00E+00,49,0.00E+00,49,0.00E+00,49,0.00E+00,49,0.00E+00,49,0.00E+00,49,0.00E+00,49,0.00E+00
50,0.00E+00,50,0.00E+00,50,0.00E+00,50,0.00E+00,50,0.00E+00,50,0.00E+00,50,0.00E+00,50,0.00E+00,50,0.00E+00,50,0.00E+00
515,0.00E+00,515,0.00E+00,515,0.00E+00,515,0.00E+00,515,0.00E+00,515,0.00E+00,515,0.00E+00,515,0.00E+00,515,0.00E+00,515,0.00E+00
502,0.00E+00,502,0.00E+00,502,0.00E+00,502,0.00E+00,502,0.00E+00,502,0.00E+00,502,0.00E+00,502,0.00E+00,502,0.00E+00,502,0.00E+00
298,0.00E+00,298,0.00E+00,298,0.00E+00,298,0.00E+00,298,0.00E+00,298,0.00E+00,298,0.00E+00,298,0.00E+00,298,0.00E+00,298,0.00E+00
85,0.00E+00,85,0.00E+00,85,0.00E+00,85,0.00E+00,85,0.00E+00,85,0.00E+00,85,0.00E+00,85,0.00E+00,85,0.00E+00,85,0.00E+00
235,0.00E+00,235,0.00E+00,235,0.00E+00,235,0.00E+00,235,0.00E+00,235,0.00E+00,235,0.00E+00,235,0.00E+00,235,0.00E+00,235,0.00E+00
96,0.00E+00,96,0.00E+00,96,0.00E+00,96,0.00E+00,96,0.00E+00,96,0.00E+00,96,0.00E+00,96,0.00E+00,96,0.00E+00,96,0.00E+00
274,0.00E+00,274,0.00E+00,274,0.00E+00,274,0.00E+00,274,0.00E+00,274,0.00E+00,274,0.00E+00,274,0.00E+00,274,0.00E+00,274,0.00E+00
481,0.00E+00,481,0.00E+00,481,0.00E+00,481,0.00E+00,481,0.00E+00,481,0.00E+00,481,0.00E+00,481,0.00E+00,481,0.00E+00,481,0.00E+00
413,0.00E+00,413,0.00E+00,413,0.00E+00,413,0.00E+00,413,0.00E+00,413,0.00E+00,413,0.00E+00,413,0.00E+00,413,0.00E+00,413,0.00E+00
546,0.00E+00,546,0.00E+00,546,0.00E+00,546,0.00E+00,546,0.00E+00,546,0.00E+00,546,0.00E+00,546,0.00E+00,546,0.00E+00,546,0.00E+00
376,0.00E+00,376,0.00E+00,376,0.00E+00,376,0.00E+00,376,0.00E+00,376,0.00E+00,376,0.00E+00,376,0.00E+00,376,0.00E+00,376,0.00E+00
382,0.00E+00,382,0.00E+00,382,0.00E+00,382,0.00E+00,382,0.00E+00,382,0.00E+00,382,0.00E+00,382,0.00E+00,382,0.00E+00,382,0.00E+00
232,0.00E+00,232,0.00E+00,232,0.00E+00,232,0.00E+00,232,0.00E+00,232,0.00E+00,232,0.00E+00,232,0.00E+00,232,0.00E+00,232,0.00E+00
181,0.00E+00,181,0.00E+00,181,0.00E+00,181,0.00E+00,181,0.00E+00,181,0.00E+00,181,0.00E+00,181,0.00E+00,181,0.00E+00,181,0.00E+00
11,0.00E+00,11,0.00E+00,11,0.00E+00,11,0.00E+00,11,0.00E+00,11,0.00E+00,11,0.00E+00,11,0.00E+00,11,0.00E+00,11,0.00E+00
136,0.00E+00,136,0.00E+00,136,0.00E+00,136,0.00E+00,136,0.00E+00,136,0.00E+00,136,0.00E+00,136,0.00E+00,136,0.00E+00,136,0.00E+00
493,0.00E+00,493,0.00E+00,493,0.00E+00,493,0.00E+00,493,0.00E+00,493,0.00E+00,493,0.00E+00,493,0.00E+00,493,0.00E+00,493,0.00E+00
488,0.00E+00,488,0.00E+00,488,0.00E+00,488,0.00E+00,488,0.00E+00,488,0.00E+00,488,0.00E+00,488,0.00E+00,488,0.00E+00,488,0.00E+00
508,0.00E+00,508,0.00E+00,508,0.00E+00,508,0.00E+00,508,0.00E+00,508,0.00E+00,508,0.00E+00,508,0.00E+00,508,0.00E+00,508,0.00E+00
271,0.00E+00,271,0.00E+00,271,0.00E+00,271,0.00E+00,271,0.00E+00,271,0.00E+00,271,0.00E+00,271,0.00E+00,271,0.00E+00,271,0.00E+00
98,0.00E+00,98,0.00E+00,98,0.00E+00,98,0.00E+00,98,0.00E+00,98,0.00E+00,98,0.00E+00,98,0.00E+00,98,0.00E+00,98,0.00E+00
507,0.00E+00,507,0.00E+00,507,0.00E+00,507,0.00E+00,507,0.00E+00,507,0.00E+00,507,0.00E+00,507,0.00E+00,507,0.00E+00,507,0.00E+00
369,0.00E+00,369,0.00E+00,369,0.00E+00,369,0.00E+00,369,0.00E+00,369,0.00E+00,369,0.00E+00,369,0.00E+00,369,0.00E+00,369,0.00E+00
220,0.00E+00,220,0.00E+00,220,0.00E+00,220,0.00E+00,220,0.00E+00,220,0.00E+00,220,0.00E+00,220,0.00E+00,220,0.00E+00,220,0.00E+00
485,0.00E+00,485,0.00E+00,485,0.00E+00,485,0.00E+00,485,0.00E+00,485,0.00E+00,485,0.00E+00,485,0.00E+00,485,0.00E+00,485,0.00E+00
528,0.00E+00,528,0.00E+00,528,0.00E+00,528,0.00E+00,528,0.00E+00,528,0.00E+00,528,0.00E+00,528,0.00E+00,528,0.00E+00,528,0.00E+00
228,0.00E+00,228,0.00E+00,228,0.00E+00,228,0.00E+00,228,0.00E+00,228,0.00E+00,228,0.00E+00,228,0.00E+00,228,0.00E+00,228,0.00E+00
367,0.00E+00,367,0.00E+00,367,0.00E+00,367,0.00E+00,367,0.00E+00,367,0.00E+00,367,0.00E+00,367,0.00E+00,367,0.00E+00,367,0.00E+00
320,0.00E+00,320,0.00E+00,320,0.00E+00,320,0.00E+00,320,0.00E+00,320,0.00E+00,320,0.00E+00,320,0.00E+00,320,0.00E+00,320,0.00E+00
132,0.00E+00,132,0.00E+00,132,0.00E+00,132,0.00E+00,132,0.00E+00,132,0.00E+00,132,0.00E+00,132,0.00E+00,132,0.00E+00,132,0.00E+00
392,0.00E+00,392,0.00E+00,392,0.00E+00,392,0.00E+00,392,0.00E+00,392,0.00E+00,392,0.00E+00,392,0.00E+00,392,0.00E+00,392,0.00E+00
428,0.00E+00,428,0.00E+00,428,0.00E+00,428,0.00E+00,428,0.00E+00,428,0.00E+00,428,0.00E+00,428,0.00E+00,428,0.00E+00,428,0.00E+00
209,0.00E+00,209,0.00E+00,209,0.00E+00,209,0.00E+00,209,0.00E+00,209,0.00E+00,209,0.00E+00,209,0.00E+00,209,0.00E+00,209,0.00E+00
486,0.00E+00,486,0.00E+00,486,0.00E+00,486,0.00E+00,486,0.00E+00,486,0.00E+00,486,0.00E+00,486,0.00E+00,486,0.00E+00,486,0.00E+00
22,0.00E+00,22,0.00E+00,22,0.00E+00,22,0.00E+00,22,0.00E+00,22,0.00E+00,22,0.00E+00,22,0.00E+00,22,0.00E+00,22,0.00E+00
317,0.00E+00,317,0.00E+00,317,0.00E+00,317,0.00E+00,317,0.00E+00,317,0.00E+00,317,0.00E+00,317,0.00E+00,317,0.00E+00,317,0.00E+00
418,0.00E+00,418,0.00E+00,418,0.00E+00,418,0.00E+00,418,0.00E+00,418,0.00E+00,418,0.00E+00,418,0.00E+00,418,0.00E+00,418,0.00E+00
260,0.00E+00,260,0.00E+00,260,0.00E+00,260,0.00E+00,260,0.00E+00,260,0.00E+00,260,0.00E+00,260,0.00E+00,260,0.00E+00,260,0.00E+00
561,0.00E+00,561,0.00E+00,561,0.00E+00,561,0.00E+00,561,0.00E+00,561,0.00E+00,561,0.00E+00,561,0.00E+00,561,0.00E+00,561,0.00E+00
95,0.00E+00,95,0.00E+00,95,0.00E+00,95,0.00E+00,95,0.00E+00,95,0.00E+00,95,0.00E+00,95,0.00E+00,95,0.00E+00,95,0.00E+00
534,0.00E+00,534,0.00E+00,534,0.00E+00,534,0.00E+00,534,0.00E+00,534,0.00E+00,534,0.00E+00,534,0.00E+00,534,0.00E+00,534,0.00E+00
313,0.00E+00,313,0.00E+00,313,0.00E+00,313,0.00E+00,313,0.00E+00,313,0.00E+00,313,0.00E+00,313,0.00E+00,313,0.00E+00,313,0.00E+00
332,0.00E+00,332,0.00E+00,332,0.00E+00,332,0.00E+00,332,0.00E+00,332,0.00E+00,332,0.00E+00,332,0.00E+00,332,0.00E+00,332,0.00E+00
267,0.00E+00,267,0.00E+00,267,0.00E+00,267,0.00E+00,267,0.00E+00,267,0.00E+00,267,0.00E+00,267,0.00E+00,267,0.00E+00,267,0.00E+00
276,0.00E+00,276,0.00E+00,276,0.00E+00,276,0.00E+00,276,0.00E+00,276,0.00E+00,276,0.00E+00,276,0.00E+00,276,0.00E+00,276,0.00E+00
173,0.00E+00,173,0.00E+00,173,0.00E+00,173,0.00E+00,173,0.00E+00,173,0.00E+00,173,0.00E+00,173,0.00E+00,173,0.00E+00,173,0.00E+00
467,0.00E+00,467,0.00E+00,467,0.00E+00,467,0.00E+00,467,0.00E+00,467,0.00E+00,467,0.00E+00,467,0.00E+00,467,0.00E+00,467,0.00E+00
39,0.00E+00,39,0.00E+00,39,0.00E+00,39,0.00E+00,39,0.00E+00,39,0.00E+00,39,0.00E+00,39,0.00E+00,39,0.00E+00,39,0.00E+00
307,0.00E+00,307,0.00E+00,307,0.00E+00,307,0.00E+00,307,0.00E+00,307,0.00E+00,307,0.00E+00,307,0.00E+00,307,0.00E+00,307,0.00E+00
4,0.00E+00,4,0.00E+00,4,0.00E+00,4,0.00E+00,4,0.00E+00,4,0.00E+00,4,0.00E+00,4,0.00E+00,4,0.00E+00,4,0.00E+00
44,0.00E+00,44,0.00E+00,44,0.00E+00,44,0.00E+00,44,0.00E+00,44,0.00E+00,44,0.00E+00,44,0.00E+00,44,0.00E+00,44,0.00E+00
225,0.00E+00,225,0.00E+00,225,0.00E+00,225,0.00E+00,225,0.00E+00,225,0.00E+00,225,0.00E+00,225,0.00E+00,225,0.00E+00,225,0.00E+00
478,0.00E+00,478,0.00E+00,478,0.00E+00,478,0.00E+00,478,0.00E+00,478,0.00E+00,478,0.00E+00,478,0.00E+00,478,0.00E+00,478,0.00E+00
503,0.00E+00,503,0.00E+00,503,0.00E+00,503,0.00E+00,503,0.00E+00,503,0.00E+00,503,0.00E+00,503,0.00E+00,503,0.00E+00,503,0.00E+00
489,0.00E+00,489,0.00E+00,489,0.00E+00,489,0.00E+00,489,0.00E+00,489,0.00E+00,489,0.00E+00,489,0.00E+00,489,0.00E+00,489,0.00E+00
207,0.00E+00,207,0.00E+00,207,0.00E+00,207,0.00E+00,207,0.00E+00,207,0.00E+00,207,0.00E+00,207,0.00E+00,207,0.00E+00,207,0.00E+00
6,0.00E+00,6,0.00E+00,6,0.00E+00,6,0.00E+00,6,0.00E+00,6,0.00E+00,6,0.00E+00,6,0.00E+00,6,0.00E+00,6,0.00E+00
268,0.00E+00,268,0.00E+00,268,0.00E+00,268,0.00E+00,268,0.00E+00,268,0.00E+00,268,0.00E+00,268,0.00E+00,268,0.00E+00,268,0.00E+00
193,0.00E+00,193,0.00E+00,193,0.00E+00,193,0.00E+00,193,0.00E+00,193,0.00E+00,193,0.00E+00,193,0.00E+00,193,0.00E+00,193,0.00E+00
168,0.00E+00,168,0.00E+00,168,0.00E+00,168,0.00E+00,168,0.00E+00,168,0.00E+00,168,0.00E+00,168,0.00E+00,168,0.00E+00,168,0.00E+00
91,0.00E+00,91,0.00E+00,91,0.00E+00,91,0.00E+00,91,0.00E+00,91,0.00E+00,91,0.00E+00,91,0.00E+00,91,0.00E+00,91,0.00E+00
221,0.00E+00,221,0.00E+00,221,0.00E+00,221,0.00E+00,221,0.00E+00,221,0.00E+00,221,0.00E+00,221,0.00E+00,221,0.00E+00,221,0.00E+00
43,0.00E+00,43,0.00E+00,43,0.00E+00,43,0.00E+00,43,0.00E+00,43,0.00E+00,43,0.00E+00,43,0.00E+00,43,0.00E+00,43,0.00E+00
586,0.00E+00,586,0.00E+00,586,0.00E+00,586,0.00E+00,586,0.00E+00,586,0.00E+00,586,0.00E+00,586,0.00E+00,586,0.00E+00,586,0.00E+00
34,0.00E+00,34,0.00E+00,34,0.00E+00,34,0.00E+00,34,0.00E+00,34,0.00E+00,34,0.00E+00,34,0.00E+00,34,0.00E+00,34,0.00E+00
311,0.00E+00,311,0.00E+00,311,0.00E+00,311,0.00E+00,311,0.00E+00,311,0.00E+00,311,0.00E+00,311,0.00E+00,311,0.00E+00,311,0.00E+00
294,0.00E+00,294,0.00E+00,294,0.00E+00,294,0.00E+00,294,0.00E+00,294,0.00E+00,294,0.00E+00,294,0.00E+00,294,0.00E+00,294,0.00E+00
88,0.00E+00,88,0.00E+00,88,0.00E+00,88,0.00E+00,88,0.00E+00,88,0.00E+00,88,0.00E+00,88,0.00E+00,88,0.00E+00,88,0.00E+00
262,0.00E+00,262,0.00E+00,262,0.00E+00,262,0.00E+00,262,0.00E+00,262,0.00E+00,262,0.00E+00,262,0.00E+00,262,0.00E+00,262,0.00E+00
510,0.00E+00,510,0.00E+00,510,0.00E+00,510,0.00E+00,510,0.00E+00,510,0.00E+00,510,0.00E+00,510,0.00E+00,510,0.00E+00,510,0.00E+00
78,0.00E+00,78,0.00E+00,78,0.00E+00,78,0.00E+00,78,0.00E+00,78,0.00E+00,78,0.00E+00,78,0.00E+00,78,0.00E+00,78,0.00E+00
356,0.00E+00,356,0.00E+00,356,0.00E+00,356,0.00E+00,356,0.00E+00,356,0.00E+00,356,0.00E+00,356,0.00E+00,356,0.00E+00,356,0.00E+00
0,0.00E+00,0,0.00E+00,0,0.00E+00,0,0.00E+00,0,0.00E+00,0,0.00E+00,0,0.00E+00,0,0.00E+00,0,0.00E+00,0,0.00E+00
560,0.00E+00,560,0.00E+00,560,0.00E+00,560,0.00E+00,560,0.00E+00,560,0.00E+00,560,0.00E+00,560,0.00E+00,560,0.00E+00,560,0.00E+00
544,0.00E+00,544,0.00E+00,544,0.00E+00,544,0.00E+00,544,0.00E+00,544,0.00E+00,544,0.00E+00,544,0.00E+00,544,0.00E+00,544,0.00E+00
205,0.00E+00,205,0.00E+00,205,0.00E+00,205,0.00E+00,205,0.00E+00,205,0.00E+00,205,0.00E+00,205,0.00E+00,205,0.00E+00,205,0.00E+00
526,0.00E+00,526,0.00E+00,526,0.00E+00,526,0.00E+00,526,0.00E+00,526,0.00E+00,526,0.00E+00,526,0.00E+00,526,0.00E+00,526,0.00E+00
607,0.00E+00,607,0.00E+00,607,0.00E+00,607,0.00E+00,607,0.00E+00,607,0.00E+00,607,0.00E+00,607,0.00E+00,607,0.00E+00,607,0.00E+00
287,0.00E+00,287,0.00E+00,287,0.00E+00,287,0.00E+00,287,0.00E+00,287,0.00E+00,287,0.00E+00,287,0.00E+00,287,0.00E+00,287,0.00E+00
176,0.00E+00,176,0.00E+00,176,0.00E+00,176,0.00E+00,176,0.00E+00,176,0.00E+00,176,0.00E+00,176,0.00E+00,176,0.00E+00,176,0.00E+00
359,0.00E+00,359,0.00E+00,359,0.00E+00,359,0.00E+00,359,0.00E+00,359,0.00E+00,359,0.00E+00,359,0.00E+00,359,0.00E+00,359,0.00E+00
155,0.00E+00,155,0.00E+00,155,0.00E+00,155,0.00E+00,155,0.00E+00,155,0.00E+00,155,0.00E+00,155,0.00E+00,155,0.00E+00,155,0.00E+00
304,0.00E+00,304,0.00E+00,304,0.00E+00,304,0.00E+00,304,0.00E+00,304,0.00E+00,304,0.00E+00,304,0.00E+00,304,0.00E+00,304,0.00E+00
215,0.00E+00,215,0.00E+00,215,0.00E+00,215,0.00E+00,215,0.00E+00,215,0.00E+00,215,0.00E+00,215,0.00E+00,215,0.00E+00,215,0.00E+00
533,0.00E+00,533,0.00E+00,533,0.00E+00,533,0.00E+00,533,0.00E+00,533,0.00E+00,533,0.00E+00,533,0.00E+00,533,0.00E+00,533,0.00E+00
501,0.00E+00,501,0.00E+00,501,0.00E+00,501,0.00E+00,501,0.00E+00,501,0.00E+00,501,0.00E+00,501,0.00E+00,501,0.00E+00,501,0.00E+00
70,0.00E+00,70,0.00E+00,70,0.00E+00,70,0.00E+00,70,0.00E+00,70,0.00E+00,70,0.00E+00,70,0.00E+00,70,0.00E+00,70,0.00E+00
134,0.00E+00,134,0.00E+00,134,0.00E+00,134,0.00E+00,134,0.00E+00,134,0.00E+00,134,0.00E+00,134,0.00E+00,134,0.00E+00,134,0.00E+00
335,0.00E+00,335,0.00E+00,335,0.00E+00,335,0.00E+00,335,0.00E+00,335,0.00E+00,335,0.00E+00,335,0.00E+00,335,0.00E+00,335,0.00E+00
288,0.00E+00,288,0.00E+00,288,0.00E+00,288,0.00E+00,288,0.00E+00,288,0.00E+00,288,0.00E+00,288,0.00E+00,288,0.00E+00,288,0.00E+00
138,0.00E+00,138,0.00E+00,138,0.00E+00,138,0.00E+00,138,0.00E+00,138,0.00E+00,138,0.00E+00,138,0.00E+00,138,0.00E+00,138,0.00E+00
127,0.00E+00,127,0.00E+00,127,0.00E+00,127,0.00E+00,127,0.00E+00,127,0.00E+00,127,0.00E+00,127,0.00E+00,127,0.00E+00,127,0.00E+00
57,0.00E+00,57,0.00E+00,57,0.00E+00,57,0.00E+00,57,0.00E+00,57,0.00E+00,57,0.00E+00,57,0.00E+00,57,0.00E+00,57,0.00E+00
517,0.00E+00,517,0.00E+00,517,0.00E+00,517,0.00E+00,517,0.00E+00,517,0.00E+00,517,0.00E+00,517,0.00E+00,517,0.00E+00,517,0.00E+00
346,0.00E+00,346,0.00E+00,346,0.00E+00,346,0.00E+00,346,0.00E+00,346,0.00E+00,346,0.00E+00,346,0.00E+00,346,0.00E+00,346,0.00E+00
67,0.00E+00,67,0.00E+00,67,0.00E+00,67,0.00E+00,67,0.00E+00,67,0.00E+00,67,0.00E+00,67,0.00E+00,67,0.00E+00,67,0.00E+00
315,0.00E+00,315,0.00E+00,315,0.00E+00,315,0.00E+00,315,0.00E+00,315,0.00E+00,315,0.00E+00,315,0.00E+00,315,0.00E+00,315,0.00E+00
208,0.00E+00,208,0.00E+00,208,0.00E+00,208,0.00E+00,208,0.00E+00,208,0.00E+00,208,0.00E+00,208,0.00E+00,208,0.00E+00,208,0.00E+00
362,0.00E+00,362,0.00E+00,362,0.00E+00,362,0.00E+00,362,0.00E+00,362,0.00E+00,362,0.00E+00,362,0.00E+00,362,0.00E+00,362,0.00E+00
14,0.00E+00,14,0.00E+00,14,0.00E+00,14,0.00E+00,14,0.00E+00,14,0.00E+00,14,0.00E+00,14,0.00E+00,14,0.00E+00,14,0.00E+00
469,0.00E+00,469,0.00E+00,469,0.00E+00,469,0.00E+00,469,0.00E+00,469,0.00E+00,469,0.00E+00,469,0.00E+00,469,0.00E+00,469,0.00E+00
375,0.00E+00,375,0.00E+00,375,0.00E+00,375,0.00E+00,375,0.00E+00,375,0.00E+00,375,0.00E+00,375,0.00E+00,375,0.00E+00,375,0.00E+00
444,0.00E+00,444,0.00E+00,444,0.00E+00,444,0.00E+00,444,0.00E+00,444,0.00E+00,444,0.00E+00,444,0.00E+00,444,0.00E+00,444,0.00E+00
333,0.00E+00,333,0.00E+00,333,0.00E+00,333,0.00E+00,333,0.00E+00,333,0.00E+00,333,0.00E+00,333,0.00E+00,333,0.00E+00,333,0.00E+00
496,0.00E+00,496,0.00E+00,496,0.00E+00,496,0.00E+00,496,0.00E+00,496,0.00E+00,496,0.00E+00,496,0.00E+00,496,0.00E+00,496,0.00E+00
599,0.00E+00,599,0.00E+00,599,0.00E+00,599,0.00E+00,599,0.00E+00,599,0.00E+00,599,0.00E+00,599,0.00E+00,599,0.00E+00,599,0.00E+00
423,0.00E+00,423,0.00E+00,423,0.00E+00,423,0.00E+00,423,0.00E+00,423,0.00E+00,423,0.00E+00,423,0.00E+00,423,0.00E+00,423,0.00E+00
439,0.00E+00,439,0.00E+00,439,0.00E+00,439,0.00E+00,439,0.00E+00,439,0.00E+00,439,0.00E+00,439,0.00E+00,439,0.00E+00,439,0.00E+00
511,0.00E+00,511,0.00E+00,511,0.00E+00,511,0.00E+00,511,0.00E+00,511,0.00E+00,511,0.00E+00,511,0.00E+00,511,0.00E+00,511,0.00E+00
9,0.00E+00,9,0.00E+00,9,0.00E+00,9,0.00E+00,9,0.00E+00,9,0.00E+00,9,0.00E+00,9,0.00E+00,9,0.00E+00,9,0.00E+00
328,0.00E+00,328,0.00E+00,328,0.00E+00,328,0.00E+00,328,0.00E+00,328,0.00E+00,328,0.00E+00,328,0.00E+00,328,0.00E+00,328,0.00E+00
226,0.00E+00,226,0.00E+00,226,0.00E+00,226,0.00E+00,226,0.00E+00,226,0.00E+00,226,0.00E+00,226,0.00E+00,226,0.00E+00,226,0.00E+00
497,0.00E+00,497,0.00E+00,497,0.00E+00,497,0.00E+00,497,0.00E+00,497,0.00E+00,497,0.00E+00,497,0.00E+00,497,0.00E+00,497,0.00E+00
531,0.00E+00,531,0.00E+00,531,0.00E+00,531,0.00E+00,531,0.00E+00,531,0.00E+00,531,0.00E+00,531,0.00E+00,531,0.00E+00,531,0.00E+00
456,0.00E+00,456,0.00E+00,456,0.00E+00,456,0.00E+00,456,0.00E+00,456,0.00E+00,456,0.00E+00,456,0.00E+00,456,0.00E+00,456,0.00E+00
290,0.00E+00,290,0.00E+00,290,0.00E+00,290,0.00E+00,290,0.00E+00,290,0.00E+00,290,0.00E+00,290,0.00E+00,290,0.00E+00,290,0.00E+00
473,0.00E+00,473,0.00E+00,473,0.00E+00,473,0.00E+00,473,0.00E+00,473,0.00E+00,473,0.00E+00,473,0.00E+00,473,0.00E+00,473,0.00E+00
482,0.00E+00,482,0.00E+00,482,0.00E+00,482,0.00E+00,482,0.00E+00,482,0.00E+00,482,0.00E+00,482,0.00E+00,482,0.00E+00,482,0.00E+00
547,0.00E+00,547,0.00E+00,547,0.00E+00,547,0.00E+00,547,0.00E+00,547,0.00E+00,547,0.00E+00,547,0.00E+00,547,0.00E+00,547,0.00E+00
204,0.00E+00,204,0.00E+00,204,0.00E+00,204,0.00E+00,204,0.00E+00,204,0.00E+00,204,0.00E+00,204,0.00E+00,204,0.00E+00,204,0.00E+00
571,0.00E+00,571,0.00E+00,571,0.00E+00,571,0.00E+00,571,0.00E+00,571,0.00E+00,571,0.00E+00,571,0.00E+00,571,0.00E+00,571,0.00E+00
319,0.00E+00,319,0.00E+00,319,0.00E+00,319,0.00E+00,319,0.00E+00,319,0.00E+00,319,0.00E+00,319,0.00E+00,319,0.00E+00,319,0.00E+00
516,0.00E+00,516,0.00E+00,516,0.00E+00,516,0.00E+00,516,0.00E+00,516,0.00E+00,516,0.00E+00,516,0.00E+00,516,0.00E+00,516,0.00E+00
16,0.00E+00,16,0.00E+00,16,0.00E+00,16,0.00E+00,16,0.00E+00,16,0.00E+00,16,0.00E+00,16,0.00E+00,16,0.00E+00,16,0.00E+00
180,0.00E+00,180,0.00E+00,180,0.00E+00,180,0.00E+00,180,0.00E+00,180,0.00E+00,180,0.00E+00,180,0.00E+00,180,0.00E+00,180,0.00E+00
238,0.00E+00,238,0.00E+00,238,0.00E+00,238,0.00E+00,238,0.00E+00,238,0.00E+00,238,0.00E+00,238,0.00E+00,238,0.00E+00,238,0.00E+00
126,0.00E+00,126,0.00E+00,126,0.00E+00,126,0.00E+00,126,0.00E+00,126,0.00E+00,126,0.00E+00,126,0.00E+00,126,0.00E+00,126,0.00E+00
410,0.00E+00,410,0.00E+00,410,0.00E+00,410,0.00E+00,410,0.00E+00,410,0.00E+00,410,0.00E+00,410,0.00E+00,410,0.00E+00,410,0.00E+00
135,0.00E+00,135,0.00E+00,135,0.00E+00,135,0.00E+00,135,0.00E+00,135,0.00E+00,135,0.00E+00,135,0.00E+00,135,0.00E+00,135,0.00E+00
257,0.00E+00,257,0.00E+00,257,0.00E+00,257,0.00E+00,257,0.00E+00,257,0.00E+00,257,0.00E+00,257,0.00E+00,257,0.00E+00,257,0.00E+00
240,0.00E+00,240,0.00E+00,240,0.00E+00,240,0.00E+00,240,0.00E+00,240,0.00E+00,240,0.00E+00,240,0.00E+00,240,0.00E+00,240,0.00E+00
7,0.00E+00,7,0.00E+00,7,0.00E+00,7,0.00E+00,7,0.00E+00,7,0.00E+00,7,0.00E+00,7,0.00E+00,7,0.00E+00,7,0.00E+00
159,0.00E+00,159,0.00E+00,159,0.00E+00,159,0.00E+00,159,0.00E+00,159,0.00E+00,159,0.00E+00,159,0.00E+00,159,0.00E+00,159,0.00E+00
210,0.00E+00,210,0.00E+00,210,0.00E+00,210,0.00E+00,210,0.00E+00,210,0.00E+00,210,0.00E+00,210,0.00E+00,210,0.00E+00,210,0.00E+00
1,0.00E+00,1,0.00E+00,1,0.00E+00,1,0.00E+00,1,0.00E+00,1,0.00E+00,1,0.00E+00,1,0.00E+00,1,0.00E+00,1,0.00E+00
368,0.00E+00,368,0.00E+00,368,0.00E+00,368,0.00E+00,368,0.00E+00,368,0.00E+00,368,0.00E+00,368,0.00E+00,368,0.00E+00,368,0.00E+00
380,0.00E+00,380,0.00E+00,380,0.00E+00,380,0.00E+00,380,0.00E+00,380,0.00E+00,380,0.00E+00,380,0.00E+00,380,0.00E+00,380,0.00E+00
63,0.00E+00,63,0.00E+00,63,0.00E+00,63,0.00E+00,63,0.00E+00,63,0.00E+00,63,0.00E+00,63,0.00E+00,63,0.00E+00,63,0.00E+00
194,0.00E+00,194,0.00E+00,194,0.00E+00,194,0.00E+00,194,0.00E+00,194,0.00E+00,194,0.00E+00,194,0.00E+00,194,0.00E+00,194,0.00E+00
76,0.00E+00,76,0.00E+00,76,0.00E+00,76,0.00E+00,76,0.00E+00,76,0.00E+00,76,0.00E+00,76,0.00E+00,76,0.00E+00,76,0.00E+00
144,0.00E+00,144,0.00E+00,144,0.00E+00,144,0.00E+00,144,0.00E+00,144,0.00E+00,144,0.00E+00,144,0.00E+00,144,0.00E+00,144,0.00E+00
303,0.00E+00,303,0.00E+00,303,0.00E+00,303,0.00E+00,303,0.00E+00,303,0.00E+00,303,0.00E+00,303,0.00E+00,303,0.00E+00,303,0.00E+00
433,0.00E+00,433,0.00E+00,433,0.00E+00,433,0.00E+00,433,0.00E+00,433,0.00E+00,433,0.00E+00,433,0.00E+00,433,0.00E+00,433,0.00E+00
36,0.00E+00,36,0.00E+00,36,0.00E+00,36,0.00E+00,36,0.00E+00,36,0.00E+00,36,0.00E+00,36,0.00E+00,36,0.00E+00,36,0.00E+00
521,0.00E+00,521,0.00E+00,521,0.00E+00,521,0.00E+00,521,0.00E+00,521,0.00E+00,521,0.00E+00,521,0.00E+00,521,0.00E+00,521,0.00E+00
218,0.00E+00,218,0.00E+00,218,0.00E+00,218,0.00E+00,218,0.00E+00,218,0.00E+00,218,0.00E+00,218,0.00E+00,218,0.00E+00,218,0.00E+00
588,0.00E+00,588,0.00E+00,588,0.00E+00,588,0.00E+00,588,0.00E+00,588,0.00E+00,588,0.00E+00,588,0.00E+00,588,0.00E+00,588,0.00E+00
379,0.00E+00,379,0.00E+00,379,0.00E+00,379,0.00E+00,379,0.00E+00,379,0.00E+00,379,0.00E+00,379,0.00E+00,379,0.00E+00,379,0.00E+00
142,0.00E+00,142,0.00E+00,142,0.00E+00,142,0.00E+00,142,0.00E+00,142,0.00E+00,142,0.00E+00,142,0.00E+00,142,0.00E+00,142,0.00E+00
477,0.00E+00,477,0.00E+00,477,0.00E+00,477,0.00E+00,477,0.00E+00,477,0.00E+00,477,0.00E+00,477,0.00E+00,477,0.00E+00,477,0.00E+00
309,0.00E+00,309,0.00E+00,309,0.00E+00,309,0.00E+00,309,0.00E+00,309,0.00E+00,309,0.00E+00,309,0.00E+00,309,0.00E+00,309,0.00E+00
381,0.00E+00,381,0.00E+00,381,0.00E+00,381,0.00E+00,381,0.00E+00,381,0.00E+00,381,0.00E+00,381,0.00E+00,381,0.00E+00,381,0.00E+00
334,0.00E+00,334,0.00E+00,334,0.00E+00,334,0.00E+00,334,0.00E+00,334,0.00E+00,334,0.00E+00,334,0.00E+00,334,0.00E+00,334,0.00E+00
89,0.00E+00,89,0.00E+00,89,0.00E+00,89,0.00E+00,89,0.00E+00,89,0.00E+00,89,0.00E+00,89,0.00E+00,89,0.00E+00,89,0.00E+00
324,0.00E+00,324,0.00E+00,324,0.00E+00,324,0.00E+00,324,0.00E+00,324,0.00E+00,324,0.00E+00,324,0.00E+00,324,0.00E+00,324,0.00E+00
90,0.00E+00,90,0.00E+00,90,0.00E+00,90,0.00E+00,90,0.00E+00,90,0.00E+00,90,0.00E+00,90,0.00E+00,90,0.00E+00,90,0.00E+00
133,0.00E+00,133,0.00E+00,133,0.00E+00,133,0.00E+00,133,0.00E+00,133,0.00E+00,133,0.00E+00,133,0.00E+00,133,0.00E+00,133,0.00E+00
250,0.00E+00,250,0.00E+00,250,0.00E+00,250,0.00E+00,250,0.00E+00,250,0.00E+00,250,0.00E+00,250,0.00E+00,250,0.00E+00,250,0.00E+00
536,0.00E+00,536,0.00E+00,536,0.00E+00,536,0.00E+00,536,0.00E+00,536,0.00E+00,536,0.00E+00,536,0.00E+00,536,0.00E+00,536,0.00E+00
305,0.00E+00,305,0.00E+00,305,0.00E+00,305,0.00E+00,305,0.00E+00,305,0.00E+00,305,0.00E+00,305,0.00E+00,305,0.00E+00,305,0.00E+00
59,0.00E+00,59,0.00E+00,59,0.00E+00,59,0.00E+00,59,0.00E+00,59,0.00E+00,59,0.00E+00,59,0.00E+00,59,0.00E+00,59,0.00E+00
316,0.00E+00,316,0.00E+00,316,0.00E+00,316,0.00E+00,316,0.00E+00,316,0.00E+00,316,0.00E+00,316,0.00E+00,316,0.00E+00,316,0.00E+00
293,0.00E+00,293,0.00E+00,293,0.00E+00,293,0.00E+00,293,0.00E+00,293,0.00E+00,293,0.00E+00,293,0.00E+00,293,0.00E+00,293,0.00E+00
374,0.00E+00,374,0.00E+00,374,0.00E+00,374,0.00E+00,374,0.00E+00,374,0.00E+00,374,0.00E+00,374,0.00E+00,374,0.00E+00,374,0.00E+00
402,0.00E+00,402,0.00E+00,402,0.00E+00,402,0.00E+00,402,0.00E+00,402,0.00E+00,402,0.00E+00,402,0.00E+00,402,0.00E+00,402,0.00E+00
549,0.00E+00,549,0.00E+00,549,0.00E+00,549,0.00E+00,549,0.00E+00,549,0.00E+00,549,0.00E+00,549,0.00E+00,549,0.00E+00,549,0.00E+00
28,0.00E+00,28,0.00E+00,28,0.00E+00,28,0.00E+00,28,0.00E+00,28,0.00E+00,28,0.00E+00,28,0.00E+00,28,0.00E+00,28,0.00E+00
505,0.00E+00,505,0.00E+00,505,0.00E+00,505,0.00E+00,505,0.00E+00,505,0.00E+00,505,0.00E+00,505,0.00E+00,505,0.00E+00,505,0.00E+00
512,0.00E+00,512,0.00E+00,512,0.00E+00,512,0.00E+00,512,0.00E+00,512,0.00E+00,512,0.00E+00,512,0.00E+00,512,0.00E+00,512,0.00E+00
80,0.00E+00,80,0.00E+00,80,0.00E+00,80,0.00E+00,80,0.00E+00,80,0.00E+00,80,0.00E+00,80,0.00E+00,80,0.00E+00,80,0.00E+00
306,0.00E+00,306,0.00E+00,306,0.00E+00,306,0.00E+00,306,0.00E+00,306,0.00E+00,306,0.00E+00,306,0.00E+00,306,0.00E+00,306,0.00E+00
52,0.00E+00,52,0.00E+00,52,0.00E+00,52,0.00E+00,52,0.00E+00,52,0.00E+00,52,0.00E+00,52,0.00E+00,52,0.00E+00,52,0.00E+00
389,0.00E+00,389,0.00E+00,389,0.00E+00,389,0.00E+00,389,0.00E+00,389,0.00E+00,389,0.00E+00,389,0.00E+00,389,0.00E+00,389,0.00E+00
363,0.00E+00,363,0.00E+00,363,0.00E+00,363,0.00E+00,363,0.00E+00,363,0.00E+00,363,0.00E+00,363,0.00E+00,363,0.00E+00,363,0.00E+00
254,0.00E+00,254,0.00E+00,254,0.00E+00,254,0.00E+00,254,0.00E+00,254,0.00E+00,254,0.00E+00,254,0.00E+00,254,0.00E+00,254,0.00E+00
297,0.00E+00,297,0.00E+00,297,0.00E+00,297,0.00E+00,297,0.00E+00,297,0.00E+00,297,0.00E+00,297,0.00E+00,297,0.00E+00,297,0.00E+00
302,0.00E+00,302,0.00E+00,302,0.00E+00,302,0.00E+00,302,0.00E+00,302,0.00E+00,302,0.00E+00,302,0.00E+00,302,0.00E+00,302,0.00E+00
318,0.00E+00,318,0.00E+00,318,0.00E+00,318,0.00E+00,318,0.00E+00,318,0.00E+00,318,0.00E+00,318,0.00E+00,318,0.00E+00,318,0.00E+00
545,0.00E+00,545,0.00E+00,545,0.00E+00,545,0.00E+00,545,0.00E+00,545,0.00E+00,545,0.00E+00,545,0.00E+00,545,0.00E+00,545,0.00E+00
38,0.00E+00,38,0.00E+00,38,0.00E+00,38,0.00E+00,38,0.00E+00,38,0.00E+00,38,0.00E+00,38,0.00E+00,38,0.00E+00,38,0.00E+00
492,0.00E+00,492,0.00E+00,492,0.00E+00,492,0.00E+00,492,0.00E+00,492,0.00E+00,492,0.00E+00,492,0.00E+00,492,0.00E+00,492,0.00E+00
308,0.00E+00,308,0.00E+00,308,0.00E+00,308,0.00E+00,308,0.00E+00,308,0.00E+00,308,0.00E+00,308,0.00E+00,308,0.00E+00,308,0.00E+00