Ward Code,Diabetes_2010,Hypertension_2010,Diabetes_2011,Hypertension_2011,Diabetes_2012,Hypertension_2012,Diabetes_2013,Hypertension_2013,Diabetes_2014,Hypertension_2014,Diabetes_2015,Hypertension_2015,Diabetes_2016,Hypertension_2016,Diabetes_2017,Hypertension_2017,Diabetes_2018,Hypertension_2018,Diabetes_2019,Hypertension_2019
E05000026,0,0,0,0,0,0,0,0,0,0,0,0,0,0,0,0,0,0,0,0
E05000027,0,0,0,0,0,0,0,0,0,0,0,0,0,0,0,0,0,0,0,0
E05000028,0,0,0,0,0,0,0,0,0,0,0,0,0,0,0,0,0,0,0,0
E05000029,0,0,0,0,0,0,0,0,0,0,0,0,0,0,0,0,0,0,0,0
E05000030,0,0,0,0,0,0,0,0,0,0,0,0,0,0,0,0,0,0,0,0
E05000031,0,0,0,0,0,0,0,0,0,0,0,0,0,0,0,0,0,0,0,0
E05000032,0,0,0,0,0,0,0,0,0,0,0,0,0,0,0,0,0,0,0,0
E05000033,0,0,0,0,0,0,0,0,0,0,0,0,0,0,0,0,0,0,0,0
E05000034,0,0,0,0,0,0,0,0,0,0,0,0,0,0,0,0,0,0,0,0
E05000035,0,0,0,0,0,0,0,0,0,0,0,0,0,0,0,0,0,0,0,0
E05000036,0,0,0,0,0,0,0,0,0,0,0,0,0,0,0,0,0,0,0,0
E05000037,0,0,0,0,0,0,0,0,0,0,0,0,0,0,0,0,0,0,0,0
E05000038,0,0,0,0,0,0,0,0,0,0,0,0,0,0,0,0,0,0,0,0
E05000039,0,0,0,0,0,0,0,0,0,0,0,0,0,0,0,0,0,0,0,0
E05000040,0,0,0,0,0,0,0,0,0,0,0,0,0,0,0,0,0,0,0,0
E05000041,0,0,0,0,0,0,0,0,0,0,0,0,0,0,0,0,0,0,0,0
E05000042,0,0,0,0,0,0,0,0,0,0,0,0,0,0,0,0,0,0,0,0
E05000043,0.669833666,0.624943609,0.925553184,0.87402494,0.3552827,0.424662106,0.340605917,0.393839384,0.364698707,0.381109604,0.436969339,0.454200943,1.180287038,1.106472441,1.15186686,1.103403708,1.219809433,1.094548929,1.195634873,1.026651607
E05000044,0,0,0,0,0,0,0,0,0,0,0,0,0,0,0,0,0,0,0,0
E05000045,1.399464467,1.324682116,1.460778063,1.371578395,1.532823318,1.396344368,1.501465245,1.327831137,1.463315936,1.365066263,1.483866712,1.333668551,1.457389937,1.281658678,1.434521118,1.321144004,1.428139223,1.301192649,1.449044563,1.355202045
E05000046,0,0,0,0,0,0,0,0,0,0,0,0,0,0,0,0,0,0,0,0
E05000047,0,0,0,0,0,0,0,0,0,0,0,0,0,0,0,0,0,0,0,0
E05000048,0,0,0,0,0,0,0,0,0,0,0,0,0,0,0,0,0,0,0,0
E05000049,0.888083404,0.82020081,0.918299472,0.794342787,0.837846339,0.78572291,0.831943374,0.737758806,0.859100429,0.749947592,0.933912876,0.805823729,0.90604004,0.760137023,0.926405352,0.774413058,0.915488849,0.737238623,0.983417297,0.822471446
E05000050,0,0,0,0,0,0,0,0,0,0,0,0,0,0,0,0,0,0,0,0
E05000051,1.792122711,1.502756652,2.055457045,1.67958219,1.804519953,1.507192206,1.842824958,1.486765743,1.988469112,1.593669137,2.08829838,1.632975657,2.015796699,1.569635942,2.060362064,1.567931631,2.102288938,1.597306538,2.098470245,1.612330575
E05000052,0.583797718,0.663975886,0.593425938,0.673792823,0.702016587,0.781852634,0.570052023,0.731093918,0.520661078,0.700525388,0.541653617,0.699420744,0.546987846,0.68930443,0.568435005,0.721793032,0.550520488,0.651003849,0.58221573,0.690574481
E05000053,1.941299023,1.88563387,2.111120793,2.032450612,1.902966189,1.814359258,1.93201786,1.812539937,1.854088464,1.755625651,1.862437853,1.688863077,2.177564513,1.953486728,2.131006908,1.993765276,2.122671054,2.038398207,2.086562627,1.985124879
E05000054,0,0,0,0,0,0,0,0,0,0,0,0,0,0,0,0,0,0,0,0
E05000055,1.735320906,1.7172166,1.828510434,1.806028261,1.799242283,1.639459033,1.784831563,1.566097178,1.802080497,1.568513388,1.771063137,1.532827826,1.701716877,1.500466826,1.755251612,1.573383329,1.777826667,1.622720179,1.844503418,1.739906108
E05000056,0,0,0,0,0,0,0,0,0,0,0,0,0,0,0,0,0,0,0,0
E05000057,2.370467578,2.206722958,2.376662213,2.256062146,2.442808273,2.181596069,2.393441783,2.169066158,2.383537677,2.177872112,2.427092402,2.176158343,2.340916434,2.12840339,2.328571523,2.121249501,2.321460692,2.057820498,2.402348443,2.175179588
E05000058,0,0,0,0,0,0,0,0,0,0,0,0,0,0,0,0,0,0,0,0
E05000059,0,0,0,0,0,0,0,0,0,0,0,0,0,0,0,0,0,0,0,0
E05000060,0,0,0,0,0,0,0,0,0,0,0,0,0,0,0,0,0,0,0,0
E05000061,2.28970483,2.083470068,2.481217415,2.219458846,2.292723471,2.123283698,2.317683586,2.103981805,2.410942751,2.126116123,2.551786517,2.304578398,2.480745785,2.173203871,2.380212648,2.115789612,2.355511107,2.013009364,2.532856972,2.165292272
E05000062,0,0,0,0,0,0,0,0,0,0,0,0,0,0,0,0,0,0,0,0
E05000063,2.838172802,2.551334412,2.791830649,2.564518315,3.063259693,2.734552437,3.003870853,2.719063523,3.016953927,2.647075972,3.210433828,2.73806459,2.955932163,2.510873424,2.912045735,2.546791558,2.860789202,2.467588184,2.848309125,2.496383258
E05000085,0,0,0,0,0,0,0,0,0,0,0,0,0,0,0,0,0,0,0,0
E05000086,0,0,0,0,0,0,0,0,0,0,0,0,0,0,0,0,0,0,0,0
E05000087,0.710941345,0.494301056,0.839233071,0.564858866,0.666668344,0.481317705,0.720456541,0.521104655,0.736877692,0.559299439,0.778071572,0.560070932,0.81088014,0.547757593,0.849564632,0.589512361,0.909063406,0.616917298,0.851550556,0.599531206
E05000088,2.829773668,2.394255146,3.057470338,2.642938227,2.896147931,2.29714257,2.955963133,2.300390968,3.02830981,2.316584124,3.209772972,2.468234813,3.132045712,2.471485821,3.194421745,2.567831705,3.12393791,2.531972054,3.133649766,2.551672264
E05000089,0,0,0,0,0,0,0,0,0,0,0,0,0,0,0,0,0,0,0,0
E05000090,0,0,0,0,0,0,0,0,0,0,0,0,0,0,0,0,0,0,0,0
E05000091,3.863580084,3.44034573,3.817107664,3.542346922,4.047988923,3.556767951,4.002750981,3.553077014,3.920657148,3.624832132,3.966600389,3.611322298,3.880297933,3.524312748,3.761637747,3.302618388,3.303104742,3.019359468,3.502443925,3.315376235
E05000092,0,0,0,0,0,0,0,0,0,0,0,0,0,0,0,0,0,0,0,0
E05000093,0,0,0,0,0,0,0,0,0,0,0,0,0,0,0,0,0,0,0,0
E05000094,2.271139134,1.69377807,2.45665563,1.631589916,2.368716792,1.662749438,2.387334948,1.690406316,2.375034978,1.695055323,2.451339863,1.735664434,2.389854946,1.680255571,2.466017687,1.722045304,2.424763539,1.633714241,2.529835444,1.633161409
E05000095,2.183460088,1.655180949,2.165338833,1.691186338,2.140992196,1.579697823,2.077266966,1.551125472,1.97534423,1.540598038,2.039548693,1.521163941,1.988951398,1.507799607,1.969460334,1.515429551,1.966976957,1.515254468,2.241473752,1.708681514
E05000096,0,0,0,0,0,0,0,0,0,0,0,0,0,0,0,0,0,0,0,0
E05000097,0,0,0,0,0,0,0,0,0,0,0,0,0,0,0,0,0,0,0,0
E05000098,0.937335854,0.849380202,1.019870073,0.807304056,1.014796688,0.814796928,0.965449347,0.780669684,0.925632146,0.751437939,0.881408277,0.729241671,0.885126104,0.695159477,0.94290039,0.748771402,0.977329324,0.757108942,0.945742683,0.710427412
E05000099,2.2915464,1.852506138,2.453489983,1.937890956,2.614145334,2.020198209,2.584324515,1.998802724,2.620248086,1.993917418,2.825527081,2.03372118,2.859727306,1.987329954,2.724074246,1.896776487,2.765168263,1.949505019,2.580023362,1.884639092
E05000100,3.971412032,2.798969998,4.297691902,2.967485006,3.907909198,2.653196163,3.888322365,2.623118449,3.945654972,2.63620954,4.058475298,2.63145377,4.007615272,2.572011164,4.091130133,2.676402076,4.002920808,2.608856088,4.261346674,2.813425427
E05000101,0,0,0,0,0,0,0,0,0,0,0,0,0,0,0,0,0,0,0,0
E05000102,0,0,0,0,0,0,0,0,0,0,0,0,0,0,0,0,0,0,0,0
E05000103,0.947648419,0.496664471,1.300747905,0.673686083,0.782590468,0.474804642,0.774907281,0.478748773,0.967774109,0.557517573,1.018757082,0.573144405,1.065072884,0.577376374,1.162346917,0.608327928,1.273135473,0.672732413,1.313821918,0.688700305
E05000104,0,0,0,0,0,0,0,0,0,0,0,0,0,0,0,0,0,0,0,0
E05000105,2.108555116,1.453675869,2.273016841,1.567159703,2.236707248,1.414111078,2.266550115,1.480425288,2.341923068,1.549151976,2.341932135,1.560173173,2.505962361,1.76328481,2.319434499,1.631957959,2.27830965,1.582192596,2.306965412,1.624585183
E05000106,0,0,0,0,0,0,0,0,0,0,0,0,0,0,0,0,0,0,0,0
E05000107,0,0,0,0,0,0,0,0,0,0,0,0,0,0,0,0,0,0,0,0
E05000108,0,0,0,0,0,0,0,0,0,0,0,0,0,0,0,0,0,0,0,0
E05000109,0,0,0,0,0,0,0,0,0,0,0,0,0,0,0,0,0,0,0,0
E05000110,0,0,0,0,0,0,0,0,0,0,0,0,0,0,0,0,0,0,0,0
E05000111,0,0,0,0,0,0,0,0,0,0,0,0,0,0,0,0,0,0,0,0
E05000112,0,0,0,0,0,0,0,0,0,0,0,0,0,0,0,0,0,0,0,0
E05000113,0,0,0,0,0,0,0,0,0,0,0,0,0,0,0,0,0,0,0,0
E05000114,0,0,0,0,0,0,0,0,0,0,0,0,0,0,0,0,0,0,0,0
E05000115,0,0,0,0,0,0,0,0,0,0,0,0,0,0,0,0,0,0,0,0
E05000116,0,0,0,0,0,0,0,0,0,0,0,0,0,0,0,0,0,0,0,0
E05000117,0,0,0,0,0,0,0,0,0,0,0,0,0,0,0,0,0,0,0,0
E05000118,0,0,0,0,0,0,0,0,0,0,0,0,0,0,0,0,0,0,0,0
E05000119,0,0,0,0,0,0,0,0,0,0,0,0,0,0,0,0,0,0,0,0
E05000120,0,0,0,0,0,0,0,0,0,0,0,0,0,0,0,0,0,0,0,0
E05000121,0,0,0,0,0,0,0,0,0,0,0,0,0,0,0,0,0,0,0,0
E05000122,0,0,0,0,0,0,0,0,0,0,0,0,0,0,0,0,0,0,0,0
E05000123,2.655494056,1.927696269,2.659996515,1.889964759,3.044342633,2.161387799,2.94881877,2.122461348,2.924423958,2.085161056,2.954705205,2.071997962,2.875903477,1.993428277,2.666410884,1.912720411,2.491928163,1.786050603,2.439706768,1.737683753
E05000124,0,0,0,0,0,0,0,0,0,0,0,0,0,0,0,0,0,0,0,0
E05000125,0,0,0,0,0,0,0,0,0,0,0,0,0,0,0,0,0,0,0,0
E05000126,0,0,0,0,0,0,0,0,0,0,0,0,0,0,0,0,0,0,0,0
E05000127,0,0,0,0,0,0,0,0,0,0,0,0,0,0,0,0,0,0,0,0
E05000128,0.188694504,0.201377328,0.19115342,0.211192437,0.240553328,0.202077674,0.214900232,0.199116618,0.208345616,0.194559086,0.203287476,0.196537877,0.181167854,0.183160082,0.187641522,0.191970868,0.177145389,0.174772514,0.174289265,0.179062879
E05000129,1.272672729,1.071377528,1.338301698,1.088363661,1.34528936,1.09241037,1.26573562,1.084767758,1.298176583,1.046066466,1.327786924,1.104110099,1.400516796,1.078457963,1.389010111,1.092823023,1.354973331,1.101905858,1.341949543,1.068234977
E05000130,0,0,0,0,0,0,0,0,0,0,0,0,0,0,0,0,0,0,0,0
E05000131,0,0,0,0,0,0,0,0,0,0,0,0,0,0,0,0,0,0,0,0
E05000132,0.737026739,0.618456195,0.850113033,0.734446478,0.699995209,0.479379213,0.715632385,0.472067416,0.674167067,0.494729739,0.785817485,0.642056692,0.876382278,0.705334307,0.895621839,0.723375466,0.904293801,0.770683715,0.871893034,0.781499474
E05000133,0,0,0,0,0,0,0,0,0,0,0,0,0,0,0,0,0,0,0,0
E05000134,1.297313498,1.132898177,1.449793055,1.205218393,1.350896181,1.169064628,1.27302726,1.172715625,1.295853559,1.178096483,1.381791382,1.180737411,1.414551627,1.147503797,1.428860208,1.168321178,1.392992709,1.120861934,1.457748591,1.15890175
E05000135,1.376370413,1.527780107,1.48045523,1.536989598,1.395327689,1.556828319,1.334564488,1.534610647,1.348451349,1.537982562,1.395339906,1.502844318,1.407273559,1.50894859,1.435633409,1.480388303,1.491130118,1.458697047,1.509005323,1.475900604
E05000136,1.666529789,1.465421083,1.815918762,1.520458473,1.658025144,1.435568636,1.380941558,1.289101664,1.30492245,1.233173818,1.458043969,1.255386942,1.700886781,1.344292233,1.789082984,1.388328648,2.035183595,1.509562354,1.919635598,1.467859142
E05000137,0.342010214,0.27545362,0.378963292,0.276798482,0.341417648,0.277589965,0.305979272,0.265411421,0.310041805,0.237685802,0.31823874,0.248888755,0.3315454,0.254845783,0.358601027,0.267490318,0.350025176,0.253413946,0.391759292,0.252497235
E05000138,1.391054497,0.967147734,1.564786496,0.995659246,1.441641873,0.992247711,1.423204745,0.973190583,1.469208539,0.925282838,1.459605603,0.932428582,1.469658908,0.900562822,1.482127529,0.8978167,1.382971698,0.830655081,1.484718391,0.904203818
E05000139,3.52491823,2.967279478,3.785904773,2.990283284,3.756297463,3.091102392,3.967023756,3.246653558,4.18041974,3.245147364,4.307801033,3.343939608,3.952510809,3.094486196,3.946851794,3.091820487,3.797836331,2.983505601,3.837240424,2.99918036
E05000140,1.818329013,1.144172305,2.0084385,1.130149775,1.907470092,1.210623134,1.923682103,1.166847823,1.925217328,1.100681957,2.005042625,1.070229691,2.038848688,1.119993951,2.081709478,1.137221273,2.098729271,1.132218056,2.09667889,1.112488838
E05000141,1.041855943,0.857376689,1.086790882,0.834165227,1.081526118,0.860822685,1.040695601,0.860473772,1.110473093,0.897485408,1.148167463,0.895184268,1.128814563,0.866859315,1.101073818,0.8397761,1.121922135,0.82043143,1.163192243,0.806353538
E05000142,1.854496562,1.48580953,2.039201122,1.461358477,1.856981636,1.570565449,1.805555555,1.487225219,1.860616747,1.513057734,2.048719039,1.665548718,1.943101733,1.525806918,2.005623468,1.570161127,2.085275184,1.466845878,2.123595142,1.454158503
E05000143,1.069014683,0.526626345,1.107402567,0.519367355,1.039900057,0.537109703,0.963679665,0.496317596,0.964241729,0.508210011,0.973358369,0.493000664,0.94264477,0.470088631,0.987301915,0.51481689,0.928878223,0.470061434,1.021652853,0.512904322
E05000144,0,0,0,0,0,0,0,0,0,0,0,0,0,0,0,0,0,0,0,0
E05000145,0.775732222,0.597197437,0.813081805,0.677679509,0.749431293,0.541003454,0.697233774,0.496691436,0.713305173,0.505226042,0.756289155,0.539379647,0.742809756,0.548758638,0.764974384,0.592806642,0.829811927,0.651117923,0.829634723,0.696013754
E05000170,0,0,0,0,0,0,0,0,0,0,0,0,0,0,0,0,0,0,0,0
E05000171,0,0,0,0,0,0,0,0,0,0,0,0,0,0,0,0,0,0,0,0
E05000172,0,0,0,0,0,0,0,0,0,0,0,0,0,0,0,0,0,0,0,0
E05000173,2.453938216,1.884635807,2.475885263,1.92045339,2.815157221,2.082062247,2.622178792,1.969415953,2.774306697,2.185693978,2.956011594,2.285910148,2.511503217,1.925695801,2.738917813,2.10496976,2.734043849,2.206734648,2.557602512,2.096357603
E05000174,0.273241911,0.240018365,0.266390498,0.223431941,0.297493041,0.232271859,0.27408808,0.221932372,0.271802585,0.207495627,0.263792993,0.21609948,0.259059661,0.210826084,0.27136988,0.210195068,0.266617448,0.226421458,0.263086861,0.22796303
E05000175,0.844455471,0.512389963,0.902779352,0.492961946,0.870808839,0.528591072,0.857969822,0.525200424,0.822399286,0.494428395,0.890589877,0.521318141,0.876037091,0.503234906,0.937574593,0.511247404,0.885613816,0.496410811,0.897073383,0.482472712
E05000176,0,0,0,0,0,0,0,0,0,0,0,0,0,0,0,0,0,0,0,0
E05000177,0,0,0,0,0,0,0,0,0,0,0,0,0,0,0,0,0,0,0,0
E05000178,0,0,0,0,0,0,0,0,0,0,0,0,0,0,0,0,0,0,0,0
E05000179,1.132698565,1.120346528,1.164797872,1.105741927,1.322003028,1.202446591,1.319446914,1.138383299,1.258278094,1.083492195,1.24314792,1.070310143,1.185794783,1.066479937,1.149163477,1.057481997,1.084980671,1.050352802,1.098240108,1.072306518
E05000180,0,0,0,0,0,0,0,0,0,0,0,0,0,0,0,0,0,0,0,0
E05000181,0,0,0,0,0,0,0,0,0,0,0,0,0,0,0,0,0,0,0,0
E05000182,1.551729645,1.305722898,1.486979916,1.315368846,1.824118073,1.367974645,1.636559507,1.319287168,1.584483732,1.248863406,1.551501103,1.260787292,1.100080826,0.957594466,1.490950265,1.2278148,1.440030051,1.202755294,1.408687321,1.224081404
E05000183,0,0,0,0,0,0,0,0,0,0,0,0,0,0,0,0,0,0,0,0
E05000184,0,0,0,0,0,0,0,0,0,0,0,0,0,0,0,0,0,0,0,0
E05000185,0,0,0,0,0,0,0,0,0,0,0,0,0,0,0,0,0,0,0,0
E05000186,0,0,0,0,0,0,0,0,0,0,0,0,0,0,0,0,0,0,0,0
E05000187,0,0,0,0,0,0,0,0,0,0,0,0,0,0,0,0,0,0,0,0
E05000188,2.718852284,1.880284248,2.778088316,1.866744603,2.957272697,1.942950331,2.727643488,1.926233342,2.712071952,1.860601773,2.661575196,1.798862943,2.475641463,1.706175908,2.617704352,1.815073093,2.535176983,1.701059068,2.601036973,1.751744233
E05000189,0,0,0,0,0,0,0,0,0,0,0,0,0,0,0,0,0,0,0,0
E05000190,0,0,0,0,0,0,0,0,0,0,0,0,0,0,0,0,0,0,0,0
E05000191,1.964110769,1.305822704,1.965958698,1.348561553,2.255723485,1.315180937,2.122117388,1.282150221,2.015302145,1.247224024,2.011412711,1.245072307,1.85128781,1.166111078,1.915815775,1.241722527,1.889638988,1.214367668,1.92191531,1.265268282
E05000192,3.848593158,3.07858754,3.851463861,3.058032598,4.278234612,3.258694704,4.083889976,3.159140465,3.944364429,3.107791404,3.87727816,3.017955913,3.126187611,2.488799468,3.412379913,2.712650626,3.551611392,2.852309248,3.66737326,2.93524849
E05000193,0,0,0,0,0,0,0,0,0,0,0,0,0,0,0,0,0,0,0,0
E05000194,0,0,0,0,0,0,0,0,0,0,0,0,0,0,0,0,0,0,0,0
E05000195,0,0,0,0,0,0,0,0,0,0,0,0,0,0,0,0,0,0,0,0
E05000196,1.188415617,1.022228876,1.271220658,1.030959643,1.389605882,1.157165375,1.40958959,1.100809932,1.468730552,1.101938107,1.467963287,1.131824186,1.463707818,1.059615625,1.421194693,1.045035482,1.430772603,0.994514543,1.381788442,1.037038703
E05000197,2.68428791,1.694468731,2.88359861,1.85743621,2.782966333,1.725641413,2.804072666,1.757914863,2.786025223,1.785860045,2.836475277,1.778689568,2.610945327,1.658342703,2.754396743,1.699566878,2.83150839,1.812269373,2.90583905,1.892349033
E05000198,0,0,0,0,0,0,0,0,0,0,0,0,0,0,0,0,0,0,0,0
E05000199,0,0,0,0,0,0,0,0,0,0,0,0,0,0,0,0,0,0,0,0
E05000200,0,0,0,0,0,0,0,0,0,0,0,0,0,0,0,0,0,0,0,0
E05000201,3.56421913,2.322003314,3.833899708,2.506243434,3.661810856,2.325830902,3.845046118,2.39549943,3.850105471,2.429986439,4.164351753,2.703289152,3.912074492,2.550999073,3.924584453,2.568178988,3.971151158,2.542903292,3.898436355,2.524014434
E05000202,0,0,0,0,0,0,0,0,0,0,0,0,0,0,0,0,0,0,0,0
E05000203,6.239688148,5.328774178,10.07326978,8.502260175,3.777047609,3.427948822,3.967405359,3.521073365,4.05665612,3.558005621,3.987294788,3.577969858,4.022521057,3.621695235,4.046338966,3.541585579,4.077541081,3.448476703,4.452747458,3.56960604
E05000204,0,0,0,0,0,0,0,0,0,0,0,0,0,0,0,0,0,0,0,0
E05000205,3.355578748,2.53839152,4.026263088,2.850521839,2.907078896,2.49165409,2.930074787,2.457433318,3.275376845,2.521071216,3.860952602,2.846291157,3.919797546,2.775126404,4.03765313,2.788317509,4.320897881,2.846134389,4.357323016,2.908563566
E05000206,0,0,0,0,0,0,0,0,0,0,0,0,0,0,0,0,0,0,0,0
E05000207,0,0,0,0,0,0,0,0,0,0,0,0,0,0,0,0,0,0,0,0
E05000208,0,0,0,0,0,0,0,0,0,0,0,0,0,0,0,0,0,0,0,0
E05000209,0,0,0,0,0,0,0,0,0,0,0,0,0,0,0,0,0,0,0,0
E05000210,0,0,0,0,0,0,0,0,0,0,0,0,0,0,0,0,0,0,0,0
E05000211,0,0,0,0,0,0,0,0,0,0,0,0,0,0,0,0,0,0,0,0
E05000212,0.857836369,0.535101903,1.305367974,0.76978076,0.42768483,0.364319013,0.440620174,0.359567992,0.448001625,0.293483743,0.506157941,0.290328312,0.549694872,0.294330368,0.568054491,0.286328819,0.574366147,0.314780648,0.78119794,0.438413765
E05000213,3.149940544,3.57204623,3.576003379,3.680439497,2.966012198,3.57166717,2.93464109,3.416745717,3.340685868,3.70595451,3.933248428,4.179527277,3.790247052,3.942930548,3.919276911,3.970264657,3.848245579,3.832667077,3.917478453,3.77706809
E05000214,1.76747738,1.334311437,1.879609057,1.313960896,1.742473134,1.378207063,1.745007157,1.320843462,1.783904578,1.311063289,1.835339608,1.302434683,1.752334833,1.309781644,1.923897608,1.446895088,2.044024663,1.413781759,1.946403344,1.30816774
E05000215,2.020526466,2.321552188,2.029484648,2.303117482,2.159469909,2.534014153,2.087201834,2.50157935,2.112644508,2.381776167,2.145738814,2.352713919,2.114184929,2.282059753,2.075997552,2.246515697,2.060826093,2.128470156,1.993348403,2.162170312
E05000216,0,0,0.00018976,0.001091119,0.000754603,0.000657343,0.000867901,0.000652161,0.001303644,0.000275141,0.000120678,0.000187722,0.000433951,0.000414226,0,0,3.97E-05,0,0,0
E05000217,1.785532638,1.952076971,2.039904248,2.005048965,1.758224934,1.907995439,1.691896499,1.848306688,1.74783654,1.919866818,1.769368135,1.919844527,1.681572686,1.796049733,1.860671156,1.924031702,2.054713111,2.072329353,2.069473242,2.027382952
E05000218,0,0,0,0,0,0,0,0,0,0,0,0,0,0,0,0,0,0,0,0
E05000219,0,0,0,0,0,0,0,0,0,0,0,0,0,0,0,0,0,0,0,0
E05000220,0,0,0,0,0,0,0,0,0,0,0,0,0,0,0,0,0,0,0,0
E05000221,1.556657798,1.475313891,1.587793172,1.538373827,1.751892737,1.44804977,1.714430639,1.444378569,1.666122468,1.475093188,1.628174628,1.524242912,1.554315227,1.517502679,1.552689295,1.546468847,1.534551584,1.559949873,1.514694725,1.554617635
E05000222,0,0,0,0,0,0,0,0,0,0,0,0,0,0,0,0,0,0,0,0
E05000223,0,0,0,0,0,0,0,0,0,0,0,0,0,0,0,0,0,0,0,0
E05000224,0,0,0,0,0,0,0,0,0,0,0,0,0,0,0,0,0,0,0,0
E05000225,0,0,0,0,0,0,0,0,0,0,0,0,0,0,0,0,0,0,0,0
E05000226,3.795252068,3.01503084,4.306269091,3.388755041,3.411373426,2.732174598,3.334583779,2.667519746,3.390661162,2.759683981,3.422518123,2.768673278,3.424002031,2.704910218,3.710308334,2.957318512,4.558894869,3.685707059,4.519864355,3.644802953
E05000227,1.985265728,1.504892509,2.027821345,1.51518078,2.133031972,1.585587082,1.9854833,1.523265351,1.94920911,1.537376596,1.942999898,1.497479167,1.894771645,1.470328619,1.9312025,1.501942823,1.917750013,1.483745322,1.984102472,1.495870151
E05000228,1.576982369,1.43202587,1.560877784,1.380774965,1.615552489,1.521281484,1.542635615,1.45731145,1.485691966,1.354661675,1.459640082,1.357685191,1.43616768,1.303660308,1.40302104,1.333736313,1.372060535,1.257649553,1.468486247,1.271620487
E05000229,0.001324288,0.004639,0.001538651,0.0049202,0.00160982,0.00402455,0.000922248,0.004056244,0.001087462,0.006225065,0.001352602,0.003680685,0.001492528,0.003001493,0.002800501,0.003123915,0.000815047,0.00673531,0.000653046,0.003836652
E05000230,0,0,0,0,0,0,0,0,0,0,0,0,0,0,0,0,0,0,0,0
E05000250,1.06624805,0.973180031,0.946996035,0.957327776,1.318174915,1.05080491,1.200183791,1.002867203,1.122734416,0.923291342,1.145356667,0.950825305,0.952472768,0.90366787,0.896714472,0.919924908,0.851885547,0.916192186,0.838159068,0.900725348
E05000251,0,0,0,0,0,0,0,0,0,0,0,0,0,0,0,0,0,0,0,0
E05000252,0,0,0,0,0,0,0,0,0,0,0,0,0,0,0,0,0,0,0,0
E05000253,0.527254269,0.527596463,0.57653611,0.587806242,0.553375591,0.535189657,0.608046754,0.547642339,0.559660678,0.526855728,0.610680118,0.570053702,0.612745706,0.566501305,0.595340127,0.577455721,0.688155038,0.672152125,0.607363712,0.612487172
E05000254,0,0,0,0,0,0,0,0,0,0,0,0,0,0,0,0,0,0,0,0
E05000255,0.128248912,0.156432521,0.121455438,0.128748602,0.186482783,0.203130764,0.17996774,0.198171314,0.173407154,0.173302805,0.159736289,0.153819466,0.131187438,0.121095266,0.132288394,0.117892971,0.142203403,0.12699877,0.150638243,0.156789346
E05000256,0.735169771,0.922322694,0.71844034,0.874260445,0.827455814,0.968053459,0.774695305,0.925854562,0.725203384,0.916797686,0.66466518,0.894865813,0.656412232,0.853832574,0.659661085,0.811031825,0.693471157,0.814616977,0.667525574,0.785194515
E05000257,1.476260055,1.064490888,1.344984921,1.042711193,1.537746683,1.025735319,1.483912656,1.015842902,1.686961826,1.218489803,1.550164304,1.133693022,1.359609191,0.99933428,1.375340614,1.058379693,1.414813618,1.090586108,1.453734881,1.11003825
E05000258,0,0,0,0,0,0,0,0,0,0,0,0,0,0,0,0,0,0,0,0
E05000259,0,0,0,0,0,0,0,0,0,0,0,0,0,0,0,0,0,0,0,0
E05000260,0,0,0,0,0,0,0,0,0,0,0,0,0,0,0,0,0,0,0,0
E05000261,0,0,0,0,0,0,0,0,0,0,0,0,0,0,0,0,0,0,0,0
E05000262,0.565375743,0.483090804,0.630548173,0.528130189,0.548917684,0.412601871,0.527174552,0.40639019,0.498258142,0.389427707,0.478485757,0.363196163,0.48027168,0.336905208,0.461488022,0.334552102,0.492327302,0.361263209,0.652043577,0.502075754
E05000263,0,0,0,0,0,0,0,0,0,0,0,0,0,0,0,0,0,0,0,0
E05000264,0,0,0,0,0,0,0,0,0,0,0,0,0,0,0,0,0,0,0,0
E05000265,3.124098676,2.08937062,3.146957067,2.118779438,3.361796962,2.159435893,3.145329803,2.06656489,2.996155279,2.035049362,2.971413151,2.043425719,2.862473313,1.958978507,2.76957402,1.896573359,3.079776501,2.090726633,3.025687983,2.059192288
E05000266,0,0,0,0,0,0,0,0,0,0,0,0,0,0,0,0,0,0,0,0
E05000267,1.353288905,1.211445795,1.38723067,1.206863543,1.429448445,1.214649362,1.48519698,1.297500708,1.449526364,1.260925392,1.43812512,1.305426497,1.439756227,1.259022559,1.403505927,1.224971005,1.34971791,1.213286448,1.3931394,1.195332388
E05000268,0,0,0,0,0,0,0,0,0,0,0,0,0,0,0,0,0,0,0,0
E05000269,2.739271528,2.136231712,3.156461756,2.460878994,2.74074665,2.001089983,2.809062686,1.998774728,2.67434909,1.900816579,2.649344794,1.858075719,2.606345168,1.826204378,2.910595755,2.004290263,3.131177458,2.223986232,3.263574028,2.378643397
E05000270,0.437143941,0.406511368,0.453843603,0.474197757,0.488700358,0.444875407,0.510976397,0.472844739,0.538815237,0.475163611,0.514810617,0.45761513,0.516677281,0.412769329,0.518933278,0.451711191,0.472048868,0.467857662,0.458006097,0.454155172
E05000271,1.001614012,0.795903946,1.455583632,1.196060791,1.349148377,1.276506691,1.394799981,1.26693313,1.323673451,1.163091472,1.499892252,1.232320642,1.368865632,1.116065382,1.426664645,1.128811111,1.568499971,1.178027748,1.601543892,1.183099437
E05000272,1.157866881,1.279976845,1.221491744,1.271964691,1.29330703,1.308651105,1.280549933,1.299401198,1.323040346,1.262820261,1.164479853,1.158765596,1.152518887,1.21770519,1.135171971,1.217085045,1.190618842,1.281366967,1.194012492,1.228036331
E05000273,0,0,0,0,0,0,0,0,0,0,0,0,0,0,0,0,0,0,0,0
E05000274,1.206997283,1.139066212,1.317836207,1.192092779,1.255849012,1.183526176,1.225170122,1.134373168,1.170789571,1.105473996,1.23236877,1.088182251,1.156714918,1.075451539,1.208380488,1.108580199,1.194342888,1.092996535,1.242845767,1.145457665
E05000275,0.446924965,0.30185041,0.543524449,0.360297855,0.529033533,0.338622262,0.515488118,0.291333175,0.572363723,0.335413268,0.595220137,0.353501679,0.545997603,0.387674156,0.592987538,0.427745343,0.579119219,0.43441257,0.590075129,0.403507457
E05000276,0,0,0,0,0,0,0,0,0,0,0,0,0,0,0,0,0,0,0,0
E05000277,2.986989812,2.017526,3.598530573,2.260904408,2.426470278,1.806311836,2.472621236,1.795407535,2.525440483,1.872709615,2.569733569,1.901488029,2.487384903,1.799159713,2.809936151,1.839923533,3.435262809,2.025876549,3.851243548,2.304092866
E05000278,0,0,0,0,0,0,0,0,0,0,0,0,0,0,0,0,0,0,0,0
E05000279,0,0,0,0,0,0,0,0,0,0,0,0,0,0,0,0,0,0,0,0
E05000280,0,0,0,0,0,0,0,0,0,0,0,0,0,0,0,0,0,0,0,0
E05000281,0.495792448,0.55188135,0.525254748,0.509113551,0.529216794,0.515804742,0.451314721,0.473620417,0.454937471,0.442410366,0.489202173,0.449935303,0.309481072,0.287321406,0.291258655,0.261327672,0.477963933,0.46366504,0.485269101,0.492578266
E05000282,3.32835157,2.99079386,3.636207564,3.180839348,3.48712743,3.080442365,3.623319133,3.170531873,3.600285389,3.134232783,3.642705098,3.164958735,3.649603104,3.262602653,3.675047108,3.245962008,3.650705557,3.197688106,3.639343451,3.148246438
E05000283,0,0,0,0,0,0,0,0,0,0,0,0,0,0,0,0,0,0,0,0
E05000284,4.792876106,3.354136974,5.109658868,3.399525601,5.197805423,3.521343529,5.042570682,3.466561926,5.016925618,3.285268819,4.891217213,3.218157713,4.998600462,3.297259536,4.913468803,3.329385439,4.826772087,3.30572584,4.850212335,3.283410299
E05000285,0,0,0,0,0,0,0,0,0,0,0,0,0,0,0,0,0,0,0,0
E05000286,0,0,0,0,0,0,0,0,0,0,0,0,0,0,0,0,0,0,0,0
E05000287,0,0,0,0,0,0,0,0,0,0,0,0,0,0,0,0,0,0,0,0
E05000288,0,0,0,0,0,0,0,0,0,0,0,0,0,0,0,0,0,0,0,0
E05000289,0,0,0,0,0,0,0,0,0,0,0,0,0,0,0,0,0,0,0,0
E05000290,0,0,0,0,0,0,0,0,0,0,0,0,0,0,0,0,0,0,0,0
E05000291,0,0,0,0,0,0,0,0,0,0,0,0,0,0,0,0,0,0,0,0
E05000292,0,0,0,0,0,0,0,0,0,0,0,0,0,0,0,0,0,0,0,0
E05000293,0,0,0,0,0,0,0,0,0,0,0,0,0,0,0,0,0,0,0,0
E05000294,0,0,0,0,0,0,0,0,0,0,0,0,0,0,0,0,0,0,0,0
E05000295,0,0,0,0,0,0,0,0,0,0,0,0,0,0,0,0,0,0,0,0
E05000296,0,0,0,0,0,0,0,0,0,0,0,0,0,0,0,0,0,0,0,0
E05000297,0,0,0,0,0,0,0,0,0,0,0,0,0,0,0,0,0,0,0,0
E05000298,0,0,0,0,0,0,0,0,0,0,0,0,0,0,0,0,0,0,0,0
E05000299,0,0,0,0,0,0,0,0,0,0,0,0,0,0,0,0,0,0,0,0
E05000300,0,0,0,0,0,0,0,0,0,0,0,0,0,0,0,0,0,0,0,0
E05000301,0,0,0,0,0,0,0,0,0,0,0,0,0,0,0,0,0,0,0,0
E05000302,0,0,0,0,0,0,0,0,0,0,0,0,0,0,0,0,0,0,0,0
E05000303,0,0,0,0,0,0,0,0,0,0,0,0,0,0,0,0,0,0,0,0
E05000304,0,0,0,0,0,0,0,0,0,0,0,0,0,0,0,0,0,0,0,0
E05000305,0,0,0,0,0,0,0,0,0,0,0,0,0,0,0,0,0,0,0,0
E05000306,0,0,0,0,0,0,0,0,0,0,0,0,0,0,0,0,0,0,0,0
E05000307,0,0,0,0,0,0,0,0,0,0,0,0,0,0,0,0,0,0,0,0
E05000308,0,0,0,0,0,0,0,0,0,0,0,0,0,0,0,0,0,0,0,0
E05000309,0,0,0,0,0,0,0,0,0,0,0,0,0,0,0,0,0,0,0,0
E05000310,0,0,0,0,0,0,0,0,0,0,0,0,0,0,0,0,0,0,0,0
E05000311,0,0,0,0,0,0,0,0,0,0,0,0,0,0,0,0,0,0,0,0
E05000312,0,0,0,0,0,0,0,0,0,0,0,0,0,0,0,0,0,0,0,0
E05000313,0,0,0,0,0,0,0,0,0,0,0,0,0,0,0,0,0,0,0,0
E05000314,0,0,0,0,0,0,0,0,0,0,0,0,0,0,0,0,0,0,0,0
E05000315,0,0,0,0,0,0,0,0,0,0,0,0,0,0,0,0,0,0,0,0
E05000316,0,0,0,0,0,0,0,0,0,0,0,0,0,0,0,0,0,0,0,0
E05000317,0,0,0,0,0,0,0,0,0,0,0,0,0,0,0,0,0,0,0,0
E05000318,0,0,0,0,0,0,0,0,0,0,0,0,0,0,0,0,0,0,0,0
E05000319,0,0,0,0,0,0,0,0,0,0,0,0,0,0,0,0,0,0,0,0
E05000320,0,0,0,0,0,0,0,0,0,0,0,0,0,0,0,0,0,0,0,0
E05000321,0,0,0,0,0,0,0,0,0,0,0,0,0,0,0,0,0,0,0,0
E05000322,0,0,0,0,0,0,0,0,0,0,0,0,0,0,0,0,0,0,0,0
E05000323,0,0,0,0,0,0,0,0,0,0,0,0,0,0,0,0,0,0,0,0
E05000324,0,0,0,0,0,0,0,0,0,0,0,0,0,0,0,0,0,0,0,0
E05000325,0,0,0,0,0,0,0,0,0,0,0,0,0,0,0,0,0,0,0,0
E05000326,0,0,0,0,0,0,0,0,0,0,0,0,0,0,0,0,0,0,0,0
E05000327,0,0,0,0,0,0,0,0,0,0,0,0,0,0,0,0,0,0,0,0
E05000328,0,0,0,0,0,0,0,0,0,0,0,0,0,0,0,0,0,0,0,0
E05000329,0,0,0,0,0,0,0,0,0,0,0,0,0,0,0,0,0,0,0,0
E05000330,0,0,0,0,0,0,0,0,0,0,0,0,0,0,0,0,0,0,0,0
E05000331,0,0,0,0,0,0,0,0,0,0,0,0,0,0,0,0,0,0,0,0
E05000332,0,0,0,0,0,0,0,0,0,0,0,0,0,0,0,0,0,0,0,0
E05000333,0,0,0,0,0,0,0,0,0,0,0,0,0,0,0,0,0,0,0,0
E05000334,0,0,0,0,0,0,0,0,0,0,0,0,0,0,0,0,0,0,0,0
E05000335,0,0,0,0,0,0,0,0,0,0,0,0,0,0,0,0,0,0,0,0
E05000336,0,0,0,0,0,0,0,0,0,0,0,0,0,0,0,0,0,0,0,0
E05000337,0,0,0,0,0,0,0,0,0,0,0,0,0,0,0,0,0,0,0,0
E05000338,0,0,0,0,0,0,0,0,0,0,0,0,0,0,0,0,0,0,0,0
E05000339,0,0,0,0,0,0,0,0,0,0,0,0,0,0,0,0,0,0,0,0
E05000340,0,0,0,0,0,0,0,0,0,0,0,0,0,0,0,0,0,0,0,0
E05000341,0,0,0,0,0,0,0,0,0,0,0,0,0,0,0,0,0,0,0,0
E05000342,0,0,0,0,0,0,0,0,0,0,0,0,0,0,0,0,0,0,0,0
E05000343,0,0,0,0,0,0,0,0,0,0,0,0,0,0,0,0,0,0,0,0
E05000344,0,0,0,0,0,0,0,0,0,0,0,0,0,0,0,0,0,0,0,0
E05000345,0,0,0,0,0,0,0,0,0,0,0,0,0,0,0,0,0,0,0,0
E05000346,0,0,0,0,0,0,0,0,0,0,0,0,0,0,0,0,0,0,0,0
E05000347,0,0,0,0,0,0,0,0,0,0,0,0,0,0,0,0,0,0,0,0
E05000348,0.548507324,0.649292373,0.552214428,0.645788012,0.523934812,0.640847503,0.541709133,0.650589909,0.562410685,0.686560344,0.585940126,0.665139752,0.56431394,0.664136931,0.589694428,0.644812369,0.58859088,0.636303218,0.574461999,0.664829142
E05000349,0.149716407,0.143920794,0.169990851,0.145289892,0.136572617,0.140372942,0.144041479,0.142342378,0.149640445,0.142866969,0.157954849,0.151204771,0.140793998,0.133985575,0.149571137,0.145675663,0.163743498,0.143941197,0.18085709,0.142435662
E05000350,0,0,0,0,0,0,0,0,0,0,0,0,0,0,0,0,0,0,0,0
E05000351,0,0,0,0,0,0,0,0,0,0,0,0,0,0,0,0,0,0,0,0
E05000352,0,0,0,0,0,0,0,0,0,0,0,0,0,0,0,0,0,0,0,0
E05000353,0,0,0,0,0,0,0,0,0,0,0,0,0,0,0,0,0,0,0,0
E05000354,0,0,0,0,0,0,0,0,0,0,0,0,0,0,0,0,0,0,0,0
E05000355,0,0,0,0,0,0,0,0,0,0,0,0,0,0,0,0,0,0,0,0
E05000356,0,0,0,0,0,0,0,0,0,0,0,0,0,0,0,0,0,0,0,0
E05000357,0,0,0,0,0,0,0,0,0,0,0,0,0,0,0,0,0,0,0,0
E05000358,0,0,0,0,0,0,0,0,0,0,0,0,0,0,0,0,0,0,0,0
E05000359,0,0,0,0,0,0,0,0,0,0,0,0,0,0,0,0,0,0,0,0
E05000360,0,0,0,0,0,0,0,0,0,0,0,0,0,0,0,0,0,0,0,0
E05000361,0,0,0,0,0,0,0,0,0,0,0,0,0,0,0,0,0,0,0,0
E05000362,0,0,0,0,0,0,0,0,0,0,0,0,0,0,0,0,0,0,0,0
E05000363,0,0,0,0,0,0,0,0,0,0,0,0,0,0,0,0,0,0,0,0
E05000364,0,0,0,0,0,0,0,0,0,0,0,0,0,0,0,0,0,0,0,0
E05000365,0,0,0,0,0,0,0,0,0,0,0,0,0,0,0,0,0,0,0,0
E05000366,0.971321922,1.076447691,1.041310746,1.004874453,1.006304409,1.069200456,0.993182423,1.065148581,0.949411488,1.029985457,0.971955485,1.030308668,0.970003391,0.961000323,1.027017686,0.963618761,1.008404612,0.928960177,1.032626359,0.930202378
E05000367,0.673597792,0.607593269,0.660545704,0.527915015,0.696230338,0.674288158,0.672173098,0.59728398,0.650116093,0.56435843,0.672303824,0.560434643,0.714054884,0.538034795,0.717470006,0.529553511,0.757424003,0.487074952,0.722110605,0.501762558
E05000368,1.471051873,1.101343394,1.620074597,1.099818712,1.421779522,1.10976121,1.429109014,1.075113799,1.452894503,1.068236608,1.452396277,1.075006537,1.624588709,1.153191182,1.600880987,1.128001874,1.608664549,1.110434935,1.611360525,1.070550624
E05000369,2.310411516,1.83956724,2.410241702,1.815277354,2.482645328,1.944489721,2.629524779,1.970954132,2.546305577,1.919131472,2.609787722,1.949296714,2.200147562,1.632788923,2.297968438,1.722638308,2.382519418,1.789553823,2.316678994,1.759392534
E05000370,1.495279158,1.197776314,1.620784018,1.170046762,1.696221714,1.328919744,1.574913351,1.266799733,1.58397182,1.223147548,1.597247963,1.196016613,1.566464438,1.177262298,1.551261313,1.147231888,1.464232811,1.071330794,1.500481931,1.076364733
E05000371,1.367444301,1.092017486,1.467156073,1.077693063,1.326289653,1.092204112,1.412931328,1.059908237,1.41203887,0.984510216,1.442678808,1.034572632,1.448870601,1.020518966,1.437183548,1.019172678,1.437784948,0.953710868,1.447235836,0.978402837
E05000372,0,0,0,0,0,0,0,0,0,0,0,0,0,0,0,0,0,0,0,0
E05000373,0,0,0,0,0,0,0,0,0,0,0,0,0,0,0,0,0,0,0,0
E05000374,3.075810642,2.480280256,3.220952478,2.356863543,2.981588883,2.558988162,3.000287026,2.494366053,2.985008793,2.424390268,3.002817501,2.321587321,2.936640376,2.143693578,3.18506334,2.327657212,3.002679906,2.026425425,3.265028388,2.221467554
E05000375,1.668978182,1.314673533,1.689840834,1.401538409,1.79902764,1.564637623,1.762383296,1.537044723,1.731398503,1.501323298,1.72171796,1.460486267,1.806588537,1.479487609,1.804672369,1.461435133,1.757369682,1.362709797,1.682360238,1.348918143
E05000376,0.645416464,0.441878755,0.822376886,0.532460778,0.298140802,0.207250897,0.320412687,0.214253012,0.328780405,0.222051897,0.327404777,0.22447153,0.341187654,0.229456378,0.407518644,0.302534843,1.021779815,0.756689019,0.867426665,0.603752682
E05000377,0.75722641,0.520398427,0.813388228,0.526134323,0.883157259,0.534654727,0.865587778,0.518688695,0.810519324,0.532304502,0.81847435,0.55455158,0.79766249,0.522831726,0.771773796,0.542304718,0.794017577,0.544617704,0.802910291,0.527246345
E05000378,0,0,0,0,0,0,0,0,0,0,0,0,0,0,0,0,0,0,0,0
E05000379,1.210602859,0.988961415,1.278011588,0.964121853,1.378007753,1.000652313,1.314335027,0.986301325,1.227037424,0.953139228,1.228777875,0.928265184,1.561397688,1.185249292,1.430970822,1.041013872,1.276906047,0.947074753,1.279867334,0.915110685
E05000380,0.817975413,0.796191389,0.854729713,0.790847481,0.762805494,0.808329141,0.759381285,0.801708464,0.767433084,0.805054406,0.783941226,0.774666961,0.75427681,0.736381509,0.768282238,0.754042906,0.802728511,0.745036967,0.795557812,0.728359522
E05000381,2.209698898,1.861193285,2.378237413,1.998571719,2.245638873,1.798477378,2.313585465,1.826294605,2.314339713,1.810727552,2.362182848,1.841155628,2.435798539,1.966533194,2.418435848,1.98927516,2.454246283,2.031013173,2.404345659,1.981864647
E05000400,0,0,0,0,0,0,0,0,0,0,0,0,0,0,0,0,0,0,0,0
E05000401,0,0,0,0,0,0,0,0,0,0,0,0,0,0,0,0,0,0,0,0
E05000402,0,0,0,0,0,0,0,0,0,0,0,0,0,0,0,0,0,0,0,0
E05000403,0,0,0,0,0,0,0,0,0,0,0,0,0,0,0,0,0,0,0,0
E05000404,0,0,0,0,0,0,0,0,0,0,0,0,0,0,0,0,0,0,0,0
E05000405,0,0,0,0,0,0,0,0,0,0,0,0,0,0,0,0,0,0,0,0
E05000406,0,0,0,0,0,0,0,0,0,0,0,0,0,0,0,0,0,0,0,0
E05000407,0,0,0,0,0,0,0,0,0,0,0,0,0,0,0,0,0,0,0,0
E05000408,0,0,0,0,0,0,0,0,0,0,0,0,0,0,0,0,0,0,0,0
E05000409,0,0,0,0,0,0,0,0,0,0,0,0,0,0,0,0,0,0,0,0
E05000410,0,0,0,0,0,0,0,0,0,0,0,0,0,0,0,0,0,0,0,0
E05000411,0,0,0,0,0,0,0,0,0,0,0,0,0,0,0,0,0,0,0,0
E05000412,0,0,0,0,0,0,0,0,0,0,0,0,0,0,0,0,0,0,0,0
E05000413,0,0,0,0,0,0,0,0,0,0,0,0,0,0,0,0,0,0,0,0
E05000414,0,0,0,0,0,0,0,0,0,0,0,0,0,0,0,0,0,0,0,0
E05000415,0,0,0,0,0,0,0,0,0,0,0,0,0,0,0,0,0,0,0,0
E05000416,0,0,0,0,0,0,0,0,0,0,0,0,0,0,0,0,0,0,0,0
E05000417,0,0,0,0,0,0,0,0,0,0,0,0,0,0,0,0,0,0,0,0
E05000418,0,0,0,0,0,0,0,0,0,0,0,0,0,0,0,0,0,0,0,0
E05000419,1.513580796,1.433067848,1.625151881,1.450377825,1.804312737,1.640599323,1.522451561,1.414713478,1.782073113,1.624820667,1.702034721,1.581675684,1.665116138,1.472350434,1.671502896,1.397412082,1.510851883,1.313296036,1.542114565,1.332611984
E05000420,0,0,0,0,0,0,0,0,0,0,0,0,0,0,0,0,0,0,0,0
E05000421,0,0,0,0,0,0,0,0,0,0,0,0,0,0,0,0,0,0,0,0
E05000422,0,0,0,0,0,0,0,0,0,0,0,0,0,0,0,0,0,0,0,0
E05000423,1.938211869,1.412200332,2.095963007,1.522828776,1.970579104,1.395349968,1.983583046,1.378004717,1.957143278,1.34441431,1.859428321,1.303349827,1.774907551,1.198779021,1.818499127,1.18670264,2.192037323,1.556519396,2.174801421,1.556116975
E05000424,1.902234237,1.420364493,2.194635657,1.557656468,1.704424609,1.274526278,1.64099759,1.19585746,1.603130618,1.124835407,1.631203076,1.141044336,1.610408289,1.124323596,1.572308248,1.144984373,1.706900681,1.204129138,1.843115458,1.315261285
E05000425,1.441913544,1.111148372,1.574334993,1.088289113,1.456848203,1.231755374,1.429396276,1.134101434,1.382706639,1.01140525,1.421409991,1.027963823,1.48249192,0.98317619,1.523334934,0.971598095,1.56143543,0.925767766,1.534352028,0.987865339
E05000426,0.914187049,0.662710342,1.000662465,0.642529904,1.010812384,0.753695878,0.883166953,0.65607399,0.983761299,0.65935414,0.902600233,0.586031832,0.85609109,0.45816978,0.893949776,0.483269774,0.90288453,0.494322766,0.952169855,0.564683206
E05000427,0,0,0,0,0,0,0,0,0,0,0,0,0,0,0,0,0,0,0,0
E05000428,0,0,0,0,0,0,0,0,0,0,0,0,0,0,0,0,0,0,0,0
E05000429,1.320183986,0.818488133,1.481139478,0.890935583,1.76547655,0.926692827,1.698292712,0.904598394,1.726390048,0.85952905,1.602665313,0.836313415,1.523584095,0.829598727,1.616387062,0.874907446,1.502006563,0.850117049,1.466386457,0.874103728
E05000430,0.635375372,0.463939956,0.807822023,0.485793433,0.637567735,0.415051816,0.588872232,0.401685079,0.691965368,0.456432731,0.773073722,0.497660183,0.700976014,0.44569534,0.714565601,0.465650043,0.922373896,0.530778413,0.784388441,0.48087175
E05000431,0,0,0,0,0,0,0,0,0,0,0,0,0,0,0,0,0,0,0,0
E05000432,2.583168654,1.767698665,2.947507709,1.891713259,2.485411007,1.739952041,2.595192924,1.713011271,2.775196226,1.822150817,3.085456695,2.004537166,2.929137818,1.852729616,2.963260713,1.826744773,3.163277283,1.8948604,3.018777928,1.848854837
E05000433,0,0,0,0,0,0,0,0,0,0,0,0,0,0,0,0,0,0,0,0
E05000434,0,0,0,0,0,0,0,0,0,0,0,0,0,0,0,0,0,0,0,0
E05000435,0,0,0,0,0,0,0,0,0,0,0,0,0,0,0,0,0,0,0,0
E05000436,0,0,0,0,0,0,0,0,0,0,0,0,0,0,0,0,0,0,0,0
E05000437,0.750677971,0.535680779,0.764766165,0.550840365,0.803380862,0.505906027,0.825502931,0.509377285,0.775276475,0.493881388,0.818232275,0.476459369,0.752793206,0.497134939,0.749729943,0.479313689,0.727181241,0.495699916,0.698705903,0.508554569
E05000438,2.275463886,1.900632773,2.260069127,1.842201213,2.628830389,2.225929838,2.548787621,2.071795353,2.566315534,2.031505283,2.535654665,2.013710386,2.327185463,1.861760393,2.274374211,1.827449169,2.16335168,1.684341481,2.148327355,1.714230738
E05000439,0,0,0,0,0,0,0,0,0,0,0,0,0,0,0,0,0,0,0,0
E05000440,2.03733785,1.481014831,2.025529706,1.417385043,2.209978967,1.601710433,2.109575287,1.493009032,1.976748245,1.36350058,2.148531893,1.517513426,2.151608953,1.548835894,2.104256472,1.491139353,2.077520769,1.470600392,2.083868098,1.439391668
E05000441,2.393153852,1.568289518,2.241336403,1.520573684,2.843687207,1.636173995,2.630810044,1.526200075,2.47541208,1.431814163,2.395496739,1.464213882,2.215295918,1.360461828,2.206754995,1.369188733,1.988739767,1.28694666,1.990003446,1.35884211
E05000442,0,0,0,0,0,0,0,0,0,0,0,0,0,0,0,0,0,0,0,0
E05000443,0.724398096,0.459340879,0.828624194,0.486832029,0.806400471,0.427278063,0.793000515,0.415168014,0.770769637,0.427500344,0.786875574,0.424257662,0.772262518,0.434948485,0.80556398,0.468893541,0.817417569,0.498341798,0.793019643,0.473063519
E05000444,0,0,0,0,0,0,0,0,0,0,0,0,0,0,0,0,0,0,0,0
E05000445,0,0,0,0,0,0,0,0,0,0,0,0,0,0,0,0,0,0,0,0
E05000446,2.68703173,1.762772222,2.507698824,1.663096812,3.151203293,1.869317838,3.086356754,1.799040533,3.063343497,1.795136228,3.001417969,1.756766361,2.807945807,1.692554129,2.70716874,1.709919863,2.480144088,1.605779405,2.389796109,1.614546267
E05000447,2.148380142,1.492300937,2.504757548,1.666626003,2.716916524,1.745884898,2.617764942,1.681480274,2.71856046,1.754269599,2.68443797,1.726683963,2.544055862,1.692279623,2.470695485,1.697039243,2.407514789,1.596620442,2.375315813,1.572313183
E05000448,0.779580186,0.569970258,0.786241934,0.552807428,0.803418951,0.548807727,0.802574248,0.540860523,0.840120848,0.536487301,0.873935087,0.557860174,0.804674035,0.546173015,0.794464477,0.551481525,0.747748284,0.536245685,0.787756006,0.539505951
E05000449,0,0,0,0,0,0,0,0,0,0,0,0,0,0,0,0,0,0,0,0
E05000450,1.574750127,1.316901212,1.479043166,1.287391143,1.724354276,1.379389275,1.646208291,1.332962787,1.621336952,1.304567996,1.536701261,1.242717406,1.550229327,1.282317823,1.536044253,1.27321067,1.51806616,1.221197212,1.421956958,1.246971333
E05000451,1.491464274,1.094820049,1.666248421,1.234348209,1.433002506,0.993661334,1.319477735,0.944459267,1.388402245,0.948543718,1.386780133,0.930899991,1.389595938,0.892700752,1.386626865,0.953786703,1.270051468,0.864538283,1.290794669,0.929342756
E05000452,3.01579051,2.495099506,3.239776693,2.510516418,3.619915053,2.733960493,3.431660253,2.590535102,3.309630498,2.536768993,3.277891752,2.513407014,3.122045354,2.352067183,3.194737436,2.312453723,2.817628948,2.126873124,2.765421786,2.189536603
E05000453,2.373659102,2.015833284,2.37930941,1.979788893,2.732830026,2.110264279,2.570812642,2.034641938,2.459580943,1.96126899,2.394790149,1.93173133,2.337408666,1.898662643,2.29917574,1.840618099,2.357590886,1.963453425,2.292636002,1.966376461
E05000454,0,0,0,0,0,0,0,0,0,0,0,0,0,0,0,0,0,0,0,0
E05000455,1.062679545,0.95869613,1.119221647,0.894161499,1.220610965,1.025742027,1.226922863,0.945730651,1.250669136,0.88312403,1.214269672,0.877558546,1.182103148,0.853824355,1.146473198,0.841376554,1.085880979,0.843289159,1.059823202,0.808001146
E05000456,0,0,0,0,0,0,0,0,0,0,0,0,0,0,0,0,0,0,0,0
E05000457,0.722348358,0.836421343,0.692417355,0.850703128,0.78787796,0.950662374,0.732293782,0.890137218,0.673675744,0.805113365,0.660779533,0.789652849,0.634687222,0.806977402,0.635097319,0.812633917,0.610256149,0.78802788,0.618190378,0.796331281
E05000458,0,0,0,0,0,0,0,0,0,0,0,0,0,0,0,0,0,0,0,0
E05000459,0,0,0,0,0,0,0,0,0,0,0,0,0,0,0,0,0,0,0,0
E05000460,0,0,0,0,0,0,0,0,0,0,0,0,0,0,0,0,0,0,0,0
E05000461,0,0,0,0,0,0,0,0,0,0,0,0,0,0,0,0,0,0,0,0
E05000462,1.066204136,1.063093599,1.098105308,1.101599404,1.234235983,1.147771406,1.240547194,1.155627688,1.141177988,1.130231774,1.106186769,1.072296305,1.092047572,1.055241598,1.116033693,1.049137361,1.017872022,0.978985637,1.057155566,1.058274359
E05000463,0,0,0,0,0,0,0,0,0,0,0,0,0,0,0,0,0,0,0,0
E05000464,1.004864848,0.875238038,0.915484783,0.787318288,1.189733804,1.031659792,1.087560382,1.003245983,1.04869411,0.986809609,1.035321363,0.958645923,0.995019664,0.877510833,0.937294239,0.85660789,0.711141484,0.690676705,0.616856916,0.534428185
E05000465,0,0,0,0,0,0,0,0,0,0,0,0,0,0,0,0,0,0,0,0
E05000466,3.192152938,2.983531948,3.528050073,3.206046898,2.880433262,2.755954657,2.837875875,2.621880003,2.86655544,2.552083538,3.10621215,2.740080922,3.848011576,3.214174408,3.732164738,3.062776434,3.885383778,3.133249679,3.696764376,3.118862701
E05000467,0,0,0,0,0,0,0,0,0,0,0,0,0,0,0,0,0,0,0,0
E05000468,0,0,0,0,0,0,0,0,0,0,0,0,0,0,0,0,0,0,0,0
E05000469,0.580363808,0.587424396,0.807894635,0.782650537,0.403481475,0.364101016,0.568179059,0.524475801,0.704572722,0.69911529,0.808729584,0.773171893,0.820716122,0.774067828,0.767724805,0.727198863,0.703788806,0.698413879,0.839799298,0.875701358
E05000470,0,0,0,0,0,0,0,0,0,0,0,0,0,0,0,0,0,0,0,0
E05000471,0,0,0,0,0,0,0,0,0,0,0,0,0,0,0,0,0,0,0,0
E05000472,0.772254398,0.850701639,0.838312107,0.875761581,0.850673154,0.870273669,0.814213158,0.817958143,0.798995689,0.77653473,0.81174199,0.743128046,0.788681259,0.744072627,0.774286688,0.762385904,0.771498999,0.806983957,0.830777077,0.842680888
E05000473,0.743615671,0.689562249,0.740256176,0.666958083,0.833399452,0.758681289,0.839470282,0.722951786,0.821866551,0.69371401,0.834741964,0.715408932,0.804289866,0.68632595,0.811184172,0.68034178,0.765689033,0.64849092,0.727671253,0.637314581
E05000474,0.233545778,0.163526758,0.207447344,0.150413405,0.26276477,0.164845558,0.243823527,0.168481519,0.254043123,0.169123283,0.2288011,0.14555636,0.178160021,0.106794616,0.174821046,0.101637803,0.160159269,0.101566944,0.18028734,0.121651474
E05000475,2.01871113,1.690037328,2.177382768,1.766497238,2.065371384,1.755156454,2.03905767,1.652577683,2.003474825,1.656738662,2.069256843,1.651114263,2.058701229,1.584590804,2.031006533,1.520515946,2.103424243,1.579377124,2.044669155,1.575443472
E05000476,2.319831526,1.397401042,2.507393853,1.474251974,2.484221369,1.497370628,2.483553873,1.547737858,2.460229724,1.44013554,2.578856268,1.540638388,2.46345468,1.450698924,2.535096243,1.521954224,2.570768456,1.484796783,2.514032159,1.456374195
E05000477,1.682581506,1.673724974,1.666952758,1.722844024,1.633025743,1.660639903,1.592571105,1.60828508,1.534882312,1.602716035,1.574931353,1.597720858,1.535913649,1.591216772,1.560488668,1.648837255,1.508219685,1.571997051,1.504699837,1.565271281
E05000478,0.414609372,0.339473421,0.473732797,0.383363831,0.354071982,0.343649596,0.398464034,0.327132863,0.423331116,0.348795275,0.406035012,0.3350178,0.434030801,0.323802855,0.441262493,0.335759405,0.463392255,0.328467841,0.464641986,0.333801461
E05000479,1.309900507,1.215949058,1.276773068,1.192851818,1.508052693,1.417580575,1.395824569,1.288227176,1.349215708,1.271906465,1.352292024,1.266385419,1.312421511,1.228041107,1.355836331,1.270596214,1.168554669,1.104060033,1.181788347,1.07679621
E05000480,0,0,0,0,0,0,0,0,0,0,0,0,0,0,0,0,0,0,0,0
E05000481,0,0,0,0,0,0,0,0,0,0,0,0,0,0,0,0,0,0,0,0
E05000482,0,0,0,0,0,0,0,0,0,0,0,0,0,0,0,0,0,0,0,0
E05000483,1.824175956,1.659320918,1.706377283,1.523111721,1.993107958,1.821814737,1.955925019,1.729568915,2.062709222,1.691927232,2.137352636,1.657188399,2.149657818,1.67153875,2.265741498,1.777684405,2.24735741,1.859271053,1.958381408,1.606119973
E05000484,2.097643144,1.517827415,2.416248421,1.71090102,2.262448316,1.520104303,2.330935724,1.536573718,2.4438462,1.548000642,2.468860951,1.571175003,2.500927312,1.599149523,2.701600734,1.753882369,2.31728035,1.525846791,2.355501913,1.555800448
E05000485,1.220944511,0.532794379,1.185139923,0.540296838,1.267197524,0.511548781,1.242791645,0.503147171,1.249690467,0.503948601,1.228857608,0.484474413,1.176590003,0.470391082,1.113122969,0.457737873,1.109528486,0.472605774,1.125869618,0.506270575
E05000486,5.737120842,3.493642334,5.499909719,3.569014943,6.137363153,3.623937687,5.933952698,3.708085479,5.833663689,3.511077701,5.819654075,3.424426946,5.169593721,3.059416731,5.701190968,3.422588508,5.375414019,3.3229146,5.496173351,3.477899724
E05000487,0.651927831,0.238924486,0.7463418,0.272598353,0.567253101,0.18211423,0.546860311,0.170927122,0.508033837,0.158684302,0.674162124,0.188858049,0.599369785,0.21190603,0.64538899,0.249082647,0.69458001,0.264095544,0.782615173,0.273244772
E05000488,4.417893288,2.012591572,4.972272083,2.300740402,3.27138641,1.510812624,3.408968485,1.533363966,3.851859963,1.868307359,3.969303917,1.820585021,3.903771192,1.721000914,4.246579583,1.892358449,4.825333766,2.147679178,5.459562793,2.504909507
E05000489,1.746673169,0.778549614,2.012744643,0.927799803,1.548615363,0.721999195,1.748866718,0.788120129,1.688194813,0.765340749,1.69164993,0.808089798,1.90260624,0.911500352,2.183081903,0.946981908,2.177745043,0.901235303,2.129246465,0.888795597
E05000490,1.499914166,1.364369124,1.573933933,1.416053336,1.373953977,1.362308415,1.317362447,1.370809537,1.307332742,1.372907782,1.290150408,1.341641693,1.284755978,1.282612055,1.339481471,1.267634474,1.367159617,1.245599069,1.337516969,1.21881872
E05000491,0,0,0,0,0,0,0,0,0,0,0,0,0,0,0,0,0,0,0,0
E05000492,2.796366478,2.144328004,3.097731113,2.502617668,2.643834773,1.955867458,3.121620032,2.307426402,3.318581938,2.373438411,3.707148221,2.56823012,3.703863383,2.596713481,3.587890378,2.542930484,3.669095753,2.647118729,3.331244967,2.573904148
E05000493,0,0,0,0,0,0,0,0,0,0,0,0,0,0,0,0,0,0,0,0
E05000494,0.71367604,0.736698804,0.782012034,0.766139744,0.67392523,0.746047557,0.681898109,0.762885121,0.66412676,0.775922214,0.658719623,0.77112204,0.652006975,0.741579055,0.656278346,0.712984805,0.649370445,0.693016043,0.6506718,0.681012022
E05000516,1.302661979,1.073457493,1.257627664,0.988441598,1.475235125,1.163316229,1.380409384,1.115977616,1.32786163,1.081543279,1.344681395,1.077291043,1.210855672,0.987099828,1.278074513,1.056880803,1.242519315,0.990731923,1.265891579,0.975219237
E05000517,1.35805965,1.612527696,1.605612919,1.72942801,1.428956636,1.722220545,1.444754998,1.617909396,1.434852879,1.560508093,1.535788273,1.608937228,1.52753826,1.627683427,1.439305162,1.577686698,1.433214913,1.506596437,1.442545043,1.504699599
E05000518,0,0,0,0,0,0,0,0,0,0,0,0,0,0,0,0,0,0,0,0
E05000519,0,0,0,0,0,0,0,0,0,0,0,0,0,0,0,0,0,0,0,0
E05000520,0,0,0,0,0,0,0,0,0,0,0,0,0,0,0,0,0,0,0,0
E05000521,0,0,0,0,0,0,0,0,0,0,0,0,0,0,0,0,0,0,0,0
E05000522,0,0,0,0,0,0,0,0,0,0,0,0,0,0,0,0,0,0,0,0
E05000523,0,0,0,0,0,0,0,0,0,0,0,0,0,0,0,0,0,0,0,0
E05000524,0,0,0,0,0,0,0,0,0,0,0,0,0,0,0,0,0,0,0,0
E05000525,0.678648565,0.754117013,0.734544988,0.733006337,0.747117895,0.824041655,0.700507048,0.77653439,0.633716191,0.725125943,0.660219002,0.715581569,0.636432418,0.697700719,0.660857622,0.657655311,0.618003478,0.604663466,0.635076757,0.626497674
E05000526,0,0,0,0,0,0,0,0,0,0,0,0,0,0,0,0,0,0,0,0
E05000527,0,0,0,0,0,0,0,0,0,0,0,0,0,0,0,0,0,0,0,0
E05000528,0,0,0,0,0,0,0,0,0,0,0,0,0,0,0,0,0,0,0,0
E05000529,0,0,0,0,0,0,0,0,0,0,0,0,0,0,0,0,0,0,0,0
E05000530,0,0,0,0,0,0,0,0,0,0,0,0,0,0,0,0,0,0,0,0
E05000531,0,0,0,0,0,0,0,0,0,0,0,0,0,0,0,0,0,0,0,0
E05000532,0,0,0,0,0,0,0,0,0,0,0,0,0,0,0,0,0,0,0,0
E05000533,0,0,0,0,0,0,0,0,0,0,0,0,0,0,0,0,0,0,0,0
E05000535,2.005392966,1.437706849,1.677945754,1.164286198,1.982683178,1.45217158,1.843232677,1.433491104,1.911004049,1.379322826,1.919649382,1.429805507,1.900483452,1.315028503,1.903365048,1.304761063,0,0,0,0
E05000556,0,0,0,0,0,0,0,0,0,0,0,0,0,0,0,0,0,0,0,0
E05000557,0,0,0,0,0,0,0,0,0,0,0,0,0,0,0,0,0,0,0,0
E05000558,0,0,0,0,0,0,0,0,0,0,0,0,0,0,0,0,0,0,0,0
E05000559,0,0,0,0,0,0,0,0,0,0,0,0,0,0,0,0,0,0,0,0
E05000560,0,0,0,0,0,0,0,0,0,0,0,0,0,0,0,0,0,0,0,0
E05000561,0,0,0,0,0,0,0,0,0,0,0,0,0,0,0,0,0,0,0,0
E05000562,0,0,0,0,0,0,0,0,0,0,0,0,0,0,0,0,0,0,0,0
E05000563,0,0,0,0,0,0,0,0,0,0,0,0,0,0,0,0,0,0,0,0
E05000564,0,0,0,0,0,0,0,0,0,0,0,0,0,0,0,0,0,0,0,0
E05000565,0,0,0,0,0,0,0,0,0,0,0,0,0,0,0,0,0,0,0,0
E05000566,0,0,0,0,0,0,0,0,0,0,0,0,0,0,0,0,0,0,0,0
E05000567,0,0,0,0,0,0,0,0,0,0,0,0,0,0,0,0,0,0,0,0
E05000568,0,0,0,0,0,0,0,0,0,0,0,0,0,0,0,0,0,0,0,0
E05000569,0,0,0,0,0,0,0,0,0,0,0,0,0,0,0,0,0,0,0,0
E05000570,0,0,0,0,0,0,0,0,0,0,0,0,0,0,0,0,0,0,0,0
E05000571,0,0,0,0,0,0,0,0,0,0,0,0,0,0,0,0,0,0,0,0
E05000572,0,0,0,0,0,0,0,0,0,0,0,0,0,0,0,0,0,0,0,0
E05000590,3.135883244,2.089318722,3.400222193,2.330927451,3.190153748,2.050747896,3.08135003,2.004423497,3.036677045,1.98968385,3.017300563,2.038844975,2.993862228,1.992254638,2.964144367,1.918134432,3.033857222,2.129300083,3.321573983,2.298518652
E05000591,0.732769855,0.692428688,0.789144726,0.711573651,0.814541561,0.745739008,0.856628798,0.737610588,0.805837247,0.737756225,0.812065953,0.751235276,0.820404514,0.71993905,0.824124934,0.703160937,0.824771663,0.677209393,0.801618954,0.683074447
E05000592,1.529138614,1.511328024,1.440631097,1.566373555,1.745906938,1.634148304,1.726074254,1.627998129,1.681679867,1.617956882,1.592043714,1.474062565,1.558959298,1.42375946,1.496973671,1.444470655,1.384259338,1.440504768,1.368244639,1.426315755
E05000593,0.590886823,0.617514023,0.61418551,0.585293619,0.625523311,0.653607003,0.647819401,0.605666555,0.656099474,0.545586607,0.691595098,0.522943945,0.678058813,0.503082037,0.650327486,0.514313984,0.651943835,0.490538494,0.63550276,0.528759013
E05000594,2.00414111,2.106677048,1.948966971,2.115026601,2.161585913,2.246260523,2.099435735,2.215509575,2.127652093,2.214426561,2.036140012,2.12007482,1.916729364,1.968617473,1.862587769,2.068921062,1.822053497,2.067425836,1.854238183,2.032320779
E05000595,2.740617488,2.940870712,2.874936948,3.061910813,2.829232126,3.098170507,2.665134371,3.000943658,2.642961958,2.923664748,2.875949503,3.120455293,2.851680667,2.943897074,2.899829026,2.96387431,2.941443573,2.870527979,2.82382942,2.840628457
E05000596,0.871011951,0.843854921,0.886337056,0.871700383,0.917333353,0.853865245,0.941848976,0.819825695,0.940933823,0.831810231,0.928195267,0.837265432,0.914895171,0.827302404,0.929154837,0.832461848,0.933884477,0.84266258,0.892830488,0.876647608
E05000597,0,0,0,0,0,0,0,0,0,0,0,0,0,0,0,0,0,0,0,0
E05000598,1.696194526,1.643735153,1.666118687,1.732127003,1.928734567,1.826271925,1.893894672,1.854938638,1.871008934,1.801736337,1.875745978,1.763358408,1.764941008,1.631480495,1.706812798,1.64380328,1.584078473,1.645635771,1.583295731,1.638575693
E05000599,0.925372206,0.842832904,1.072767298,0.934521026,0.955816673,0.886685448,0.91966209,0.78796697,0.88734473,0.813634547,0.808805966,0.74304927,0.954344298,0.840726933,0.971546143,0.88885285,1.003283339,0.868835059,1.066138518,0.906317887
E05000600,1.419479353,1.188502305,1.554284843,1.216344753,1.504699859,1.274700674,1.539203536,1.298370257,1.420389493,1.237643221,1.429565588,1.21070751,1.341226399,1.118231848,1.307035256,1.128432703,1.397258783,1.170207912,1.481674254,1.178459812
E05000601,0.868033729,0.740519393,0.873878989,0.742028396,0.966889933,0.761215079,0.907201157,0.713987866,0.837272576,0.658900484,0.862092579,0.6501304,0.856037082,0.646943277,0.875310192,0.663390406,0.847937132,0.612575884,0.840271233,0.644336492
E05000602,0.479197215,0.62127872,0.494064925,0.682498052,0.480548728,0.63345407,0.473995197,0.58813561,0.44980057,0.579417488,0.419552887,0.549380854,0.397068907,0.563271331,0.385257388,0.588948845,0.375124938,0.569280774,0.439967605,0.607664294
E05000603,1.531498607,1.379387987,1.614463856,1.462459761,1.624652283,1.380866619,1.638248256,1.322109906,1.627257864,1.300856868,1.686637474,1.330115248,1.725031865,1.379723323,1.766179113,1.443921881,1.582032232,1.404963364,1.589410183,1.44475764
E05000604,1.838623356,1.615082739,1.943657087,1.735473213,1.855108303,1.61676225,1.851849813,1.636382351,1.888776118,1.628754528,2.095262998,1.745737713,2.082189517,1.733726848,2.030626486,1.750761731,1.994681047,1.710267628,1.993596628,1.683141084
E05000605,1.704837758,1.994658363,1.717836933,2.097153603,1.94527858,2.061729885,1.930951158,2.076821604,1.846298652,2.028090587,1.844435729,2.099298055,1.723076504,2.023407039,1.762671875,2.114947613,1.671210722,2.016782063,1.667360648,2.032122533
E05000606,0.819185637,0.497043735,0.914426824,0.584070347,0.887158333,0.481951571,0.895000898,0.510378583,0.865806056,0.515235933,0.916716709,0.558942926,0.904506888,0.566807043,0.916805206,0.586127984,0.900569991,0.593796704,0.88464171,0.581883971
E05000607,2.88708477,3.530602632,2.992854238,3.676856088,3.249117713,3.917657712,3.262294364,3.8593012,2.979820887,3.704351158,3.002870418,3.652374679,2.975053703,3.610336903,3.022367267,3.654293868,2.973601971,3.541537714,3.010920909,3.641404449
E05000608,0.367688399,0.383028924,0.404035541,0.384156755,0.391262415,0.392827917,0.393159697,0.374314078,0.36933633,0.364607695,0.368168632,0.359825553,0.413827905,0.337717222,0.422386784,0.335485837,0.429638006,0.329542449,0.417589594,0.348921475
E05000609,2.727270238,2.558791944,2.927704924,2.718774355,2.989394353,2.73282188,2.902536041,2.70253717,2.858192885,2.684090627,2.953800838,2.77949409,2.849358748,2.682004523,2.840793613,2.686235773,2.880249989,2.718363554,2.836631168,2.652911053
E05000610,1.382766005,1.538579156,1.512527774,1.578419911,1.45972336,1.579607271,1.377563825,1.565201281,1.349189738,1.554337074,1.331761403,1.488610994,1.306883473,1.444935927,1.407285328,1.490505397,1.379602863,1.488238834,1.411449914,1.511928085
E05000611,0,0,0,0,0,0,0,0,0,0,0,0,0,0,0,0,0,0,0,0
E05000612,0,0,0,0,0,0,0,0,0,0,0,0,0,0,0,0,0,0,0,0
E05000613,1.298487791,1.358819889,1.226914178,1.323069364,1.397098731,1.305062548,1.355071799,1.304236412,1.287336823,1.240674685,1.36046055,1.27988797,1.436544099,1.338108435,1.280017336,1.253770977,1.256527709,1.254214115,1.194761686,1.269368144
E05000614,0,0,0,0,0,0,0,0,0,0,0,0,0,0,0,0,0,0,0,0
E05000615,1.765662615,2.051719664,1.829654318,1.937985836,2.043002074,2.277472583,1.932250539,2.199762192,1.885438163,2.158531992,1.840261317,2.052986115,1.708819063,1.84408512,1.847554646,1.889278764,1.769656343,1.778320042,1.823071658,1.857574334
E05000616,0,0,0,0,0,0,0,0,0,0,0,0,0,0,0,0,0,0,0,0
E05000617,0,0,0,0,0,0,0,0,0,0,0,0,0,0,0,0,0,0,0,0
E05000618,0,0,0,0,0,0,0,0,0,0,0,0,0,0,0,0,0,0,0,0
E05000619,0.660826568,0.561287104,0.775976996,0.633524788,0.606156843,0.549790388,0.568964146,0.548821499,0.612660183,0.52807421,0.587842006,0.53857345,0.612815683,0.535498485,0.640514148,0.567271464,0.725787321,0.589227142,0.731426744,0.589798822
E05000620,0,0,0,0,0,0,0,0,0,0,0,0,0,0,0,0,0,0,0,0
E05000621,2.33996561,2.313148492,2.217900105,2.097123107,2.72068379,2.591271758,2.515318726,2.362552123,2.496232018,2.391758217,2.411162639,2.352993825,2.247099716,2.12087829,2.291751733,2.115276877,2.143774928,2.000333955,2.09227202,1.999671811
E05000622,2.089171008,2.01995329,2.078668245,1.959626918,2.430771756,2.08889392,2.328949362,2.049190398,2.198058946,1.953676408,2.181116686,1.965531286,2.042730997,1.878444484,2.009922624,1.922580318,1.789243486,1.796047759,1.875434571,1.855963376
E05000623,0.709614776,0.703854522,0.797900299,0.695379689,0.95350064,0.778396552,0.852852522,0.702464707,0.859450204,0.740974392,0.830835007,0.740082598,0.789651074,0.716579219,0.808928232,0.704926841,0.722734491,0.612028661,0.756749173,0.624851732
E05000624,1.327370045,1.304692896,1.340245768,1.255699569,1.435341775,1.424321696,1.390270614,1.337297353,1.34065054,1.247825076,1.396988217,1.204578062,1.271075728,1.081311518,1.359419625,1.132645974,1.355787435,1.095694626,1.288837673,1.097866939
E05000625,0,0,0,0,0,0,0,0,0,0,0,0,0,0,0,0,0,0,0,0
E05000626,0,0,0,0,0,0,0,0,0,0,0,0,0,0,0,0,0,0,0,0
E05000627,1.254337442,1.278320059,1.164192771,1.166473518,1.416480771,1.4164973,1.339653084,1.348328096,1.347183268,1.275311335,1.322327672,1.244314715,1.200864708,1.16925229,1.178610042,1.127805298,1.152367774,1.007080837,1.129860005,1.034851333
E05000628,0.988435007,0.665536858,1.178699953,0.739332791,1.05216104,0.579577087,1.026397229,0.577169094,0.982578146,0.540211531,0.963133046,0.56087713,0.981092852,0.573211104,0.990194385,0.598753055,1.167700888,0.77792657,1.177061617,0.751386057
E05000629,1.59413994,1.650693654,1.809499363,1.773518349,1.788707066,1.797637253,1.793904412,1.82386053,1.765985787,1.706786484,1.746515896,1.739566363,1.712405966,1.608162219,1.765307627,1.641732683,1.779696957,1.630505298,1.74508145,1.614146443
E05000630,1.024817568,1.130802244,1.138599651,1.189014266,1.006038022,1.064360935,0.995123614,1.063348551,0.967802185,1.107373779,1.060414769,1.143840048,1.060418481,1.129274579,1.128190493,1.164415875,1.181090498,1.161215927,1.147491533,1.175517773
E05000631,0.568193134,0.536307563,0.648137498,0.629685541,0.556488149,0.512658886,0.546178271,0.509219186,0.561450499,0.537630446,0.628718158,0.577116729,0.567889806,0.547565273,0.583338248,0.546827597,0.613897061,0.591384623,0.63686121,0.587882998
E05000632,0,0,0,0,0,0,0,0,0,0,0,0,0,0,0,0,0,0,0,0
E05000633,0,0,0,0,0,0,0,0,0,0,0,0,0,0,0,0,0,0,0,0
E05000634,1.004576835,0.655799749,1.123927398,0.692929755,1.120342662,0.714303921,1.175116293,0.684531926,1.162100403,0.707875584,1.125368619,0.690212327,1.056151298,0.69322478,1.112300628,0.675319272,1.101761553,0.643975916,1.112060931,0.64714359
E05000635,1.187861834,0.872583189,1.447731113,0.928260648,1.366082868,0.92017641,1.389250024,0.925908908,1.411949262,0.941725789,1.433434952,0.950233647,1.363442657,0.911117358,1.392693563,0.954219169,1.471280583,0.983044347,1.496828777,0.980200378
E05000636,0.550281026,0.463185421,0.612942148,0.530546237,0.546129485,0.493336016,0.564253153,0.482233553,0.607458474,0.51277768,0.710395758,0.582419867,0.686028665,0.59919226,0.664404877,0.62460603,0.677466118,0.617218188,0.611261997,0.567805166
E05000637,1.223676353,1.292157215,1.439238879,1.460633323,1.302232188,1.275943254,1.272021257,1.266015823,1.253249518,1.33186919,1.278692442,1.379070376,1.192212228,1.343149825,1.37909989,1.454668017,1.358995669,1.443979883,1.383584794,1.409996268
E05000638,0.732019311,0.520150907,0.774788093,0.505231948,0.73998486,0.525358017,0.751843085,0.49280976,0.692065036,0.477597299,0.673835048,0.486765623,0.706577453,0.496161837,0.719141835,0.499770662,0.758192524,0.495647013,0.773057235,0.512514494
E05000639,2.12966388,1.739425515,2.178405631,1.68506828,2.294267652,1.812028373,2.182309826,1.761266247,2.116882288,1.724313622,2.186125549,1.733091642,2.120615524,1.655390523,2.122307031,1.658926501,1.955663583,1.515762013,2.244582146,1.670255088
E05000640,1.576216996,1.186438309,1.691876637,1.218982753,1.69055213,1.163745515,1.703824788,1.134178838,1.651811626,1.165855983,1.625313069,1.199403983,1.581865932,1.182037398,1.591858866,1.187022075,1.645041312,1.263169728,1.682987343,1.284833007
E05000641,0.611041437,0.622723916,0.640573007,0.601102979,0.639372074,0.640461817,0.629385971,0.611807737,0.604952726,0.555702953,0.637499174,0.581846645,0.639602512,0.575323326,0.626926324,0.550315176,0.647082358,0.515702496,0.62475844,0.530488252
E05000642,0.987937687,1.037359522,1.151375033,1.040513707,0.971908403,1.078508904,1.002674519,1.033495715,0.980260504,0.967525173,0.986093752,0.964644637,0.956991209,0.907491239,0.961546058,0.925202964,0.966418161,0.885157521,1.230623288,1.039775832
E05000643,0.511016057,0.453759706,0.451070303,0.375119447,0.657639218,0.579992957,0.612381084,0.554853988,0.558465125,0.531657594,0.467585449,0.437118271,0.39616273,0.361242611,0.485902483,0.433731071,0.653749649,0.532304355,0.426407381,0.336087122
E05000644,0.1457732,0.115791365,0.167454025,0.139702145,0.14557563,0.112244693,0.126657105,0.10563197,0.111623725,0.094455253,0.115530951,0.098019201,0.123923225,0.116625902,0.140537784,0.119008538,0.151142013,0.135349297,0.153619788,0.118516186
E05000645,0,0,0,0,0,0,0,0,0,0,0,0,0,0,0,0,0,0,0,0
E05000646,0.606746341,0.438904526,0.627793753,0.434490529,0.695465913,0.487522219,0.668718668,0.493979039,0.668326637,0.480481366,0.697106788,0.475678312,0.680535478,0.453774385,0.670861685,0.440596476,0.649048299,0.396788081,0.645638062,0.430050778
E05000647,0,0,0,0,0,0,0,0,0,0,0,0,0,0,0,0,0,0,0,0
E05000648,1.568835316,1.124370721,1.952997429,1.415472197,1.170536943,0.881213737,1.178147242,0.860014295,1.1761967,0.853287608,1.169845005,0.841492521,1.275934897,0.992322031,1.540812382,1.23513069,1.682718233,1.302027537,1.762197728,1.286885438
E05000649,0.728201575,0.603022137,0.714163484,0.611510962,0.843869748,0.675787303,0.836412748,0.654211379,0.842191189,0.649883065,0.815160488,0.650839384,0.779034779,0.643756041,0.786028807,0.678004168,0.731904318,0.693204513,0.675203387,0.666085256